CREATE DATABASE  IF NOT EXISTS `fa_training_system` /*!40100 DEFAULT CHARACTER SET utf8mb4 COLLATE utf8mb4_0900_ai_ci */ /*!80016 DEFAULT ENCRYPTION='N' */;
USE `fa_training_system`;
-- MySQL dump 10.13  Distrib 8.0.32, for Win64 (x86_64)
--
-- Host: awseb-e-i6pi8wgvsh-stack-awsebrdsdatabase-n2d9clvouemj.cexskskbdktu.ap-southeast-1.rds.amazonaws.com    Database: fa_training_system
-- ------------------------------------------------------
-- Server version	8.0.28

/*!40101 SET @OLD_CHARACTER_SET_CLIENT=@@CHARACTER_SET_CLIENT */;
/*!40101 SET @OLD_CHARACTER_SET_RESULTS=@@CHARACTER_SET_RESULTS */;
/*!40101 SET @OLD_COLLATION_CONNECTION=@@COLLATION_CONNECTION */;
/*!50503 SET NAMES utf8 */;
/*!40103 SET @OLD_TIME_ZONE=@@TIME_ZONE */;
/*!40103 SET TIME_ZONE='+00:00' */;
/*!40014 SET @OLD_UNIQUE_CHECKS=@@UNIQUE_CHECKS, UNIQUE_CHECKS=0 */;
/*!40014 SET @OLD_FOREIGN_KEY_CHECKS=@@FOREIGN_KEY_CHECKS, FOREIGN_KEY_CHECKS=0 */;
/*!40101 SET @OLD_SQL_MODE=@@SQL_MODE, SQL_MODE='NO_AUTO_VALUE_ON_ZERO' */;
/*!40111 SET @OLD_SQL_NOTES=@@SQL_NOTES, SQL_NOTES=0 */;
SET @MYSQLDUMP_TEMP_LOG_BIN = @@SESSION.SQL_LOG_BIN;
SET @@SESSION.SQL_LOG_BIN= 0;

--
-- GTID state at the beginning of the backup 
--

SET @@GLOBAL.GTID_PURGED=/*!80000 '+'*/ '';

--
-- Table structure for table `assessments`
--

DROP TABLE IF EXISTS `assessments`;
/*!40101 SET @saved_cs_client     = @@character_set_client */;
/*!50503 SET character_set_client = utf8mb4 */;
CREATE TABLE `assessments` (
  `id` bigint NOT NULL AUTO_INCREMENT,
  `assignment` float DEFAULT NULL,
  `final` float DEFAULT NULL,
  `final_practice` float DEFAULT NULL,
  `final_theory` float DEFAULT NULL,
  `gpa` float DEFAULT NULL,
  `quiz` float DEFAULT NULL,
  PRIMARY KEY (`id`)
) ENGINE=InnoDB AUTO_INCREMENT=70 DEFAULT CHARSET=utf8mb4 COLLATE=utf8mb4_0900_ai_ci;
/*!40101 SET character_set_client = @saved_cs_client */;

--
-- Dumping data for table `assessments`
--

LOCK TABLES `assessments` WRITE;
/*!40000 ALTER TABLE `assessments` DISABLE KEYS */;
INSERT INTO `assessments` VALUES (3,2,2,2,2,2,2),(4,2,2,2,2,2,2),(11,0,0,0,0,0,0),(13,0,0,0,0,0,0),(16,0,0,0,0,0,0),(17,0,0,0,0,0,0),(20,0,0,0,0,0,0),(21,0,0,0,0,0,0),(22,0,0,0,0,0,0),(23,0,0,0,0,0,0),(28,20,30,30,40,5,10),(30,20,30,30,40,5,10),(31,20,30,30,40,5,10),(43,20,30,30,40,5,10),(44,20,30,30,40,5,10),(45,20,30,30,40,5,10),(48,20,30,30,40,5,10),(53,0,0,0,0,0,0),(54,31,13,13,13,13,12),(55,2,2,2,2,2,2),(56,2,2,2,2,2,2),(57,2,2,2,2,2,2),(58,2,2,2,2,2,2),(59,2,2,2,2,2,2),(60,2,2,2,2,2,2),(61,2,2,2,2,2,2),(62,2,2,2,2,2,2),(63,2,2,2,2,2,2),(64,2,2,2,2,2,2),(65,2,2,2,2,2,2),(66,2,2,2,2,2,2),(67,2,2,2,2,2,2),(68,2,2,2,2,2,2),(69,2,2,2,2,2,2);
/*!40000 ALTER TABLE `assessments` ENABLE KEYS */;
UNLOCK TABLES;

--
-- Table structure for table `attendees`
--

DROP TABLE IF EXISTS `attendees`;
/*!40101 SET @saved_cs_client     = @@character_set_client */;
/*!50503 SET character_set_client = utf8mb4 */;
CREATE TABLE `attendees` (
  `id` bigint NOT NULL AUTO_INCREMENT,
  `type` varchar(50) NOT NULL,
  `code` varchar(255) DEFAULT NULL,
  PRIMARY KEY (`id`),
  UNIQUE KEY `UK_75u38dvm5ht4p4tudfqbb1prh` (`type`)
) ENGINE=InnoDB AUTO_INCREMENT=17 DEFAULT CHARSET=utf8mb4 COLLATE=utf8mb4_0900_ai_ci;
/*!40101 SET character_set_client = @saved_cs_client */;

--
-- Dumping data for table `attendees`
--

LOCK TABLES `attendees` WRITE;
/*!40000 ALTER TABLE `attendees` DISABLE KEYS */;
INSERT INTO `attendees` VALUES (13,'Intern','IN'),(14,'Fresher','FR'),(15,'Online fee-Fresher','FR_ONL'),(16,'Offline fee-Fresher','FR_OFF');
/*!40000 ALTER TABLE `attendees` ENABLE KEYS */;
UNLOCK TABLES;

--
-- Table structure for table `class_details`
--

DROP TABLE IF EXISTS `class_details`;
/*!40101 SET @saved_cs_client     = @@character_set_client */;
/*!50503 SET character_set_client = utf8mb4 */;
CREATE TABLE `class_details` (
  `id` bigint NOT NULL AUTO_INCREMENT,
  `accepted` int DEFAULT NULL,
  `actual` int DEFAULT NULL,
  `finish_at` time DEFAULT NULL,
  `others` varchar(200) DEFAULT NULL,
  `planned` int DEFAULT NULL,
  `start_at` time DEFAULT NULL,
  `status` varchar(20) NOT NULL,
  `attendee_id` bigint DEFAULT NULL,
  `class_id` bigint NOT NULL,
  `location_id` bigint DEFAULT NULL,
  `contact_point` varchar(255) DEFAULT NULL,
  `detail_location` varchar(255) DEFAULT NULL,
  PRIMARY KEY (`id`),
  KEY `FKrox1p5mwmlawehs4sqae6f2cu` (`attendee_id`),
  KEY `FKjuc5vv7suu2rg9fe9j14nl5vp` (`class_id`),
  KEY `FKqa7bkgps47qjh7cxwsa9gqwks` (`location_id`),
  CONSTRAINT `FKjuc5vv7suu2rg9fe9j14nl5vp` FOREIGN KEY (`class_id`) REFERENCES `classes` (`id`),
  CONSTRAINT `FKqa7bkgps47qjh7cxwsa9gqwks` FOREIGN KEY (`location_id`) REFERENCES `locations` (`id`),
  CONSTRAINT `FKrox1p5mwmlawehs4sqae6f2cu` FOREIGN KEY (`attendee_id`) REFERENCES `attendees` (`id`)
) ENGINE=InnoDB AUTO_INCREMENT=326 DEFAULT CHARSET=utf8mb4 COLLATE=utf8mb4_0900_ai_ci;
/*!40101 SET character_set_client = @saved_cs_client */;

--
-- Dumping data for table `class_details`
--

LOCK TABLES `class_details` WRITE;
/*!40000 ALTER TABLE `class_details` DISABLE KEYS */;
INSERT INTO `class_details` VALUES (1,9,9,'08:30:00',NULL,10,'01:30:00','DELETED',14,1,1,NULL,NULL),(2,9,9,'09:00:00',NULL,10,'07:00:00','DELETED',14,2,1,NULL,NULL),(3,10,10,'17:00:00','string',10,'14:00:00','DELETED',13,4,1,NULL,NULL),(4,10,10,'17:00:00','string',10,'14:00:00','DELETED',13,5,1,NULL,NULL),(5,10,10,'17:00:00','string',10,'14:00:00','DELETED',13,6,1,NULL,NULL),(6,10,10,'17:00:00','string',10,'14:00:00','DELETED',13,7,1,NULL,NULL),(7,10,10,'17:00:00','string',10,'14:00:00','DELETED',13,8,1,NULL,NULL),(8,10,10,'17:00:00','string',10,'14:00:00','DELETED',13,9,1,NULL,NULL),(9,10,10,'17:00:00','string',10,'14:00:00','DELETED',13,10,1,NULL,NULL),(10,10,10,'17:00:00','string',10,'14:00:00','DELETED',13,11,1,NULL,NULL),(11,10,10,'17:00:00','string',10,'14:00:00','DELETED',13,12,1,NULL,NULL),(12,10,10,'17:00:00','string',10,'14:00:00','DELETED',13,13,1,NULL,NULL),(13,10,10,'17:00:00','string',10,'14:00:00','DELETED',13,14,1,NULL,NULL),(14,10,10,'17:00:00','string',10,'14:00:00','DELETED',13,15,1,NULL,NULL),(15,10,10,'17:00:00','string',10,'14:00:00','DELETED',13,16,1,NULL,NULL),(16,10,10,'17:00:00','string',10,'14:00:00','DELETED',13,17,1,NULL,NULL),(17,10,10,'17:00:00','string',10,'14:00:00','DELETED',13,18,1,NULL,NULL),(18,10,10,'17:00:00','string',10,'14:00:00','DELETED',13,19,1,NULL,NULL),(19,10,10,'17:00:00','string',10,'14:00:00','DELETED',13,20,1,NULL,NULL),(20,10,10,'17:00:00','string',10,'14:00:00','DELETED',13,21,1,NULL,NULL),(21,10,10,'17:00:00','string',10,'14:00:00','DELETED',13,22,1,NULL,NULL),(22,10,10,'17:00:00','string',10,'14:00:00','DELETED',13,23,1,NULL,NULL),(23,10,10,'17:00:00','string',10,'14:00:00','DELETED',13,24,1,NULL,NULL),(24,10,10,'17:00:00','string',10,'14:00:00','DELETED',13,25,1,NULL,NULL),(25,10,10,'17:00:00','string',10,'14:00:00','DELETED',13,26,1,NULL,NULL),(26,10,10,'17:00:00','string',10,'14:00:00','DELETED',13,27,1,NULL,NULL),(27,10,10,'17:00:00','string',10,'14:00:00','DELETED',13,28,1,NULL,NULL),(28,10,10,'17:00:00','string',10,'14:00:00','DELETED',13,29,1,NULL,NULL),(29,10,10,'17:00:00','string',10,'14:00:00','DELETED',13,30,1,NULL,NULL),(30,10,10,'17:00:00','string',10,'14:00:00','DELETED',13,31,1,NULL,NULL),(31,10,10,'17:00:00','string',10,'14:00:00','DELETED',13,32,1,NULL,NULL),(32,10,10,'17:00:00','string',10,'14:00:00','DELETED',13,33,1,NULL,NULL),(33,10,10,'17:00:00','string',10,'14:00:00','DELETED',13,34,1,NULL,NULL),(34,10,10,'17:00:00','string',10,'14:00:00','DELETED',13,35,1,NULL,NULL),(35,10,10,'17:00:00','string',10,'14:00:00','DELETED',13,36,1,NULL,NULL),(36,10,10,'17:00:00','string',10,'14:00:00','DELETED',13,37,1,NULL,NULL),(37,10,10,'17:00:00','string',10,'14:00:00','DELETED',14,38,1,NULL,NULL),(38,10,10,'17:00:00','string',10,'14:00:00','DELETED',13,39,1,NULL,NULL),(39,10,10,'17:00:00','string',10,'14:00:00','DELETED',13,40,1,'abc@gmail.com','FTown 1'),(40,10,10,'17:00:00','string',10,'14:00:00','DELETED',13,41,1,'abc@gmail.com','FTown 1'),(41,10,10,'10:00:00','string',10,'08:00:00','DELETED',13,42,1,'abc@gmail.com','FTown 1'),(42,10,10,'10:00:00','string',10,'08:00:00','DELETED',13,43,1,'abc@gmail.com','FTown 1'),(43,10,10,'17:00:00','string',10,'14:00:00','DELETED',13,44,1,'abc@gmail.com','FTown 1'),(44,10,10,'17:00:00','string',10,'14:00:00','DELETED',13,45,1,'abc@gmail.com','FTown 1'),(45,10,10,'17:00:00','string',10,'14:00:00','DELETED',13,46,1,'abc@gmail.com','FTown 1'),(46,10,10,'17:00:00','string',10,'14:00:00','DELETED',13,47,1,'abc@gmail.com','FTown 1'),(47,10,10,'17:00:00','string',10,'14:00:00','DELETED',13,48,1,'abc@gmail.com','FTown 1'),(48,10,10,'17:00:00','string',10,'14:00:00','DELETED',13,49,1,'abc@gmail.com','FTown 1'),(49,10,10,'17:00:00','string',10,'14:00:00','DELETED',13,50,1,'abc@gmail.com','FTown 1'),(50,10,10,'17:00:00','string',10,'14:00:00','DELETED',13,51,1,'abc@gmail.com','FTown 1'),(51,10,10,'17:00:00','string',10,'14:00:00','DELETED',13,52,1,'abc@gmail.com','FTown 1'),(52,10,10,'17:00:00','string',10,'14:00:00','DELETED',13,53,1,'abc@gmail.com','FTown 1'),(53,10,10,'17:00:00','string',10,'14:00:00','DELETED',13,54,1,'abc@gmail.com','FTown 1'),(54,10,10,'17:00:00','string',10,'14:00:00','DELETED',13,55,1,'abc@gmail.com','FTown 1'),(55,10,10,'17:00:00','string',10,'14:00:00','DELETED',13,56,1,'abc@gmail.com','FTown 1'),(56,10,10,'17:00:00','string',10,'14:00:00','DELETED',13,57,1,'abc@gmail.com','FTown 1'),(57,10,10,'17:00:00','string',10,'14:00:00','DELETED',13,58,1,'abc@gmail.com','FTown 1'),(58,10,10,'17:00:00','string',10,'14:00:00','DELETED',13,59,1,'abc@gmail.com','FTown 1'),(59,10,10,'17:00:00','string',10,'14:00:00','DELETED',13,60,1,'abc@gmail.com','FTown 1'),(60,10,10,'17:00:00','string',10,'14:00:00','DELETED',13,61,1,'abc@gmail.com','FTown 1'),(61,10,10,'17:00:00','string',10,'14:00:00','DELETED',13,62,1,'abc@gmail.com','FTown 1'),(62,10,10,'17:00:00','string',10,'14:00:00','DELETED',13,63,1,'abc@gmail.com','FTown 1'),(63,10,10,'17:00:00','string',10,'14:00:00','DELETED',13,64,1,'abc@gmail.com','FTown 1'),(64,10,10,'17:00:00','string',10,'14:00:00','DELETED',13,65,1,'abc@gmail.com','FTown 1'),(65,10,10,'17:00:00','string',10,'14:00:00','DELETED',13,66,1,'abc@gmail.com','FTown 1'),(66,10,10,'17:00:00','string',10,'14:00:00','DELETED',13,67,1,'abc@gmail.com','FTown 1'),(67,10,10,'17:00:00','string',10,'14:00:00','DELETED',13,68,1,'abc@gmail.com','FTown 1'),(68,10,10,'17:00:00','string',10,'14:00:00','DELETED',13,69,1,'abc@gmail.com','FTown 1'),(69,10,10,'17:00:00','string',10,'14:00:00','DELETED',13,70,1,'abc@gmail.com','FTown 1'),(70,10,10,'17:00:00','string',10,'14:00:00','DELETED',13,71,1,'abc@gmail.com','FTown 1'),(71,10,10,'17:00:00','string',10,'14:00:00','DELETED',13,72,1,'abc@gmail.com','FTown 1'),(72,10,10,'17:00:00','string',10,'14:00:00','DELETED',13,73,1,'abc@gmail.com','FTown 1'),(73,10,10,'17:00:00','string',10,'14:00:00','DELETED',13,74,1,'abc@gmail.com','FTown 1'),(74,10,10,'17:00:00','string',10,'14:00:00','DELETED',13,75,1,'abc@gmail.com','FTown 1'),(75,10,10,'17:00:00','string',10,'14:00:00','DELETED',13,76,1,'abc@gmail.com','FTown 1'),(76,10,10,'17:00:00','string',10,'14:00:00','DELETED',13,77,1,'abc@gmail.com','FTown 1'),(77,10,10,'17:00:00','string',10,'14:00:00','DELETED',13,78,1,'abc@gmail.com','FTown 1'),(78,10,10,'17:00:00','string',10,'14:00:00','DELETED',13,79,1,'abc@gmail.com','FTown 1'),(79,10,10,'17:00:00','string',10,'14:00:00','DELETED',13,80,1,'abc@gmail.com','FTown 1'),(80,10,10,'17:00:00','string',10,'14:00:00','DELETED',13,81,1,'abc@gmail.com','FTown 1'),(81,10,10,'17:00:00','string',10,'14:00:00','DELETED',13,82,1,'abc@gmail.com','FTown 1'),(82,10,10,'17:00:00','string',10,'14:00:00','DELETED',13,83,1,'abc@gmail.com','FTown 1'),(83,10,10,'17:00:00','string',10,'14:00:00','DELETED',13,84,1,'abc@gmail.com','FTown 1'),(84,10,10,'17:00:00','string',10,'14:00:00','DELETED',13,85,1,'abc@gmail.com','FTown 1'),(85,10,10,'17:00:00','string',10,'14:00:00','DELETED',13,86,1,'abc@gmail.com','FTown 1'),(86,10,10,'17:00:00','string',10,'14:00:00','DELETED',13,87,1,'abc@gmail.com','FTown 1'),(87,10,10,'17:00:00','string',10,'14:00:00','DELETED',13,88,1,'abc@gmail.com','FTown 1'),(88,10,10,'17:00:00','string',10,'14:00:00','DELETED',13,89,1,'abc@gmail.com','FTown 1'),(89,10,10,'17:00:00','string',10,'14:00:00','DELETED',13,90,1,'abc@gmail.com','FTown 1'),(90,10,10,'17:00:00','string',10,'14:00:00','DELETED',13,91,1,'abc@gmail.com','FTown 1'),(91,10,10,'17:00:00','string',10,'14:00:00','DELETED',13,92,1,'abc@gmail.com','FTown 1'),(92,10,10,'17:00:00','string',10,'14:00:00','DELETED',13,93,1,'abc@gmail.com','FTown 1'),(93,10,10,'17:00:00','string',10,'14:00:00','DELETED',13,94,1,'abc@gmail.com','FTown 1'),(94,10,10,'17:00:00','string',10,'14:00:00','DELETED',13,95,1,'abc@gmail.com','FTown 1'),(95,10,10,'17:00:00','string',10,'14:00:00','DELETED',13,96,1,'abc@gmail.com','FTown 1'),(96,10,10,'17:00:00','string',10,'14:00:00','DELETED',13,97,1,'abc@gmail.com','FTown 1'),(97,10,10,'17:00:00','string',10,'14:00:00','DELETED',13,98,1,'abc@gmail.com','FTown 1'),(98,10,10,'17:00:00','string',10,'14:00:00','DELETED',13,99,1,'abc@gmail.com','FTown 1'),(99,10,10,'17:00:00','string',10,'14:00:00','DELETED',13,100,1,'abc@gmail.com','FTown 1'),(100,10,10,'17:00:00','string',10,'14:00:00','DELETED',13,101,1,'abc@gmail.com','FTown 1'),(101,10,10,'17:00:00','string',10,'14:00:00','DELETED',13,102,1,'abc@gmail.com','FTown 1'),(102,10,10,'17:00:00','string',10,'14:00:00','DELETED',13,103,1,'abc@gmail.com','FTown 1'),(103,10,10,'17:00:00','string',10,'14:00:00','DELETED',13,104,1,'abc@gmail.com','FTown 1'),(104,10,10,'17:00:00','string',10,'14:00:00','DELETED',13,105,1,'abc@gmail.com','FTown 1'),(105,10,10,'17:00:00','string',10,'14:00:00','DELETED',13,106,1,'abc@gmail.com','FTown 1'),(106,10,10,'17:00:00','string',10,'14:00:00','DELETED',13,107,1,'abc@gmail.com','FTown 1'),(107,10,10,'17:00:00','string',10,'14:00:00','DELETED',13,108,1,'abc@gmail.com','FTown 1'),(108,10,10,'17:00:00','string',10,'14:00:00','DELETED',13,109,1,'abc@gmail.com','FTown 1'),(109,10,10,'17:00:00','string',10,'14:00:00','DELETED',13,110,1,'abc@gmail.com','FTown 1'),(110,10,10,'17:00:00','string',10,'14:00:00','DELETED',13,111,1,'abc@gmail.com','FTown 1'),(111,10,10,'17:00:00','string',10,'14:00:00','DELETED',13,112,1,'abc@gmail.com','FTown 1'),(112,10,10,'17:00:00','string',10,'14:00:00','DELETED',13,113,1,'abc@gmail.com','FTown 1'),(113,10,10,'17:00:00','string',10,'14:00:00','DELETED',13,114,1,'abc@gmail.com','FTown 1'),(114,10,10,'17:00:00','string',10,'14:00:00','DELETED',13,115,1,'abc@gmail.com','FTown 1'),(115,10,10,'17:00:00','string',10,'14:00:00','DELETED',13,116,1,'abc@gmail.com','FTown 1'),(116,10,10,'17:00:00','string',10,'14:00:00','DELETED',13,117,1,'abc@gmail.com','FTown 1'),(117,10,10,'17:00:00','string',10,'14:00:00','DELETED',13,118,1,'abc@gmail.com','FTown 1'),(118,10,10,'17:00:00','string',10,'14:00:00','DELETED',13,119,1,'abc@gmail.com','FTown 1'),(119,10,10,'17:00:00','string',10,'14:00:00','DELETED',13,120,1,'abc@gmail.com','FTown 1'),(120,10,10,'17:00:00','string',10,'14:00:00','DELETED',13,121,1,'abc@gmail.com','FTown 1'),(121,10,10,'17:00:00','string',10,'14:00:00','DELETED',13,122,1,'abc@gmail.com','FTown 1'),(122,10,10,'17:00:00','string',10,'14:00:00','DELETED',13,123,1,'abc@gmail.com','FTown 1'),(123,10,10,'17:00:00','string',10,'14:00:00','DELETED',13,124,1,'abc@gmail.com','FTown 1'),(124,10,10,'17:00:00','string',10,'14:00:00','DELETED',13,125,1,'abc@gmail.com','FTown 1'),(125,10,10,'17:00:00','string',10,'14:00:00','DELETED',13,126,1,'abc@gmail.com','FTown 1'),(126,10,10,'17:00:00','string',10,'14:00:00','DELETED',13,127,1,'abc@gmail.com','FTown 1'),(127,10,10,'17:00:00','string',10,'14:00:00','DELETED',13,128,1,'abc@gmail.com','FTown 1'),(128,10,10,'17:00:00','string',10,'14:00:00','DELETED',13,129,1,'abc@gmail.com','FTown 1'),(129,10,10,'17:00:00','string',10,'14:00:00','DELETED',13,130,1,'abc@gmail.com','FTown 1'),(130,10,10,'17:00:00','string',10,'14:00:00','DELETED',13,131,1,'abc@gmail.com','FTown 1'),(131,10,10,'17:00:00','string',10,'14:00:00','DELETED',13,132,1,'abc@gmail.com','FTown 1'),(132,10,10,'17:00:00','string',10,'14:00:00','DELETED',13,133,1,'abc@gmail.com','FTown 1'),(133,10,10,'17:00:00','string',10,'14:00:00','DELETED',13,134,1,'abc@gmail.com','FTown 1'),(134,10,10,'17:00:00','string',10,'14:00:00','DELETED',13,135,1,'abc@gmail.com','FTown 1'),(135,10,10,'17:00:00','string',10,'14:00:00','DELETED',13,136,1,'abc@gmail.com','FTown 1'),(136,10,10,'17:00:00','string',10,'14:00:00','DELETED',13,137,1,'abc@gmail.com','FTown 1'),(137,10,10,'17:00:00','string',10,'14:00:00','DELETED',13,138,1,'abc@gmail.com','FTown 1'),(138,10,10,'17:00:00','string',10,'14:00:00','DELETED',13,139,1,'abc@gmail.com','FTown 1'),(139,10,10,'17:00:00','string',10,'14:00:00','DELETED',13,140,1,'abc@gmail.com','FTown 1'),(140,10,10,'17:00:00','string',10,'14:00:00','DELETED',13,141,1,'abc@gmail.com','FTown 1'),(141,10,10,'17:00:00','string',10,'14:00:00','DELETED',13,142,1,'abc@gmail.com','FTown 1'),(142,10,10,'17:00:00','string',10,'14:00:00','DELETED',13,143,1,'abc@gmail.com','FTown 1'),(143,10,10,'17:00:00','string',10,'14:00:00','DELETED',13,144,1,'abc@gmail.com','FTown 1'),(144,10,10,'17:00:00','string',10,'14:00:00','DELETED',13,145,1,'abc@gmail.com','FTown 1'),(145,10,10,'17:00:00','string',10,'14:00:00','DELETED',13,146,1,'abc@gmail.com','FTown 1'),(146,10,10,'17:00:00','string',10,'14:00:00','DELETED',13,147,1,'abc@gmail.com','FTown 1'),(147,10,10,'17:00:00','string',10,'14:00:00','DELETED',13,148,1,'abc@gmail.com','FTown 1'),(148,10,10,'17:00:00','string',10,'14:00:00','DELETED',13,149,1,'abc@gmail.com','FTown 1'),(149,10,10,'17:00:00','string',10,'14:00:00','DELETED',13,150,1,'abc@gmail.com','FTown 1'),(150,10,10,'17:00:00','string',10,'14:00:00','DELETED',13,151,1,'abc@gmail.com','FTown 1'),(151,10,10,'17:00:00','string',10,'14:00:00','DELETED',13,152,1,'abc@gmail.com','FTown 1'),(152,10,10,'17:00:00','string',10,'14:00:00','DELETED',13,153,1,'abc@gmail.com','FTown 1'),(153,10,10,'17:00:00','string',10,'14:00:00','DELETED',13,154,1,'abc@gmail.com','FTown 1'),(154,10,10,'17:00:00','string',10,'14:00:00','DELETED',13,155,1,'abc@gmail.com','FTown 1'),(155,10,10,'17:00:00','string',10,'14:00:00','DELETED',13,156,1,'abc@gmail.com','FTown 1'),(156,10,10,'17:00:00','string',10,'14:00:00','DELETED',13,157,1,'abc@gmail.com','FTown 1'),(157,10,10,'17:00:00','string',10,'14:00:00','DELETED',13,158,1,'abc@gmail.com','FTown 1'),(158,10,10,'17:00:00','string',10,'14:00:00','DELETED',13,159,1,'abc@gmail.com','FTown 1'),(159,10,10,'17:00:00','string',10,'14:00:00','DELETED',13,160,1,'abc@gmail.com','FTown 1'),(160,10,10,'17:00:00','string',10,'14:00:00','DELETED',13,161,1,'abc@gmail.com','FTown 1'),(161,10,10,'17:00:00','string',10,'14:00:00','DELETED',13,162,1,'abc@gmail.com','FTown 1'),(162,10,10,'17:00:00','string',10,'14:00:00','DELETED',13,163,1,'abc@gmail.com','FTown 1'),(163,10,10,'17:00:00','string',10,'14:00:00','DELETED',13,164,1,'abc@gmail.com','FTown 1'),(164,10,10,'17:00:00','string',10,'14:00:00','DELETED',13,165,1,'abc@gmail.com','FTown 1'),(165,10,10,'17:00:00','string',10,'14:00:00','DELETED',13,166,1,'abc@gmail.com','FTown 1'),(166,10,10,'17:00:00','string',10,'14:00:00','DELETED',13,167,1,'abc@gmail.com','FTown 1'),(167,10,10,'17:00:00','string',10,'14:00:00','DELETED',13,168,1,'abc@gmail.com','FTown 1'),(168,10,10,'17:00:00','string',10,'14:00:00','DELETED',13,169,1,'abc@gmail.com','FTown 1'),(169,10,10,'17:00:00','string',10,'14:00:00','DELETED',13,170,1,'abc@gmail.com','FTown 1'),(170,10,10,'17:00:00','string',10,'14:00:00','DELETED',13,171,1,'abc@gmail.com','FTown 1'),(171,10,10,'17:00:00','string',10,'14:00:00','DELETED',13,172,1,'abc@gmail.com','FTown 1'),(172,10,10,'17:00:00','string',10,'14:00:00','DELETED',13,173,1,'abc@gmail.com','FTown 1'),(173,10,10,'17:00:00','string',10,'14:00:00','DELETED',13,174,1,'abc@gmail.com','FTown 1'),(174,10,10,'17:00:00','string',10,'14:00:00','DELETED',13,175,1,'abc@gmail.com','FTown 1'),(175,10,10,'17:00:00','string',10,'14:00:00','DELETED',13,176,1,'abc@gmail.com','FTown 1'),(176,10,10,'17:00:00','string',10,'14:00:00','DELETED',13,177,1,'abc@gmail.com','FTown 1'),(177,10,10,'17:00:00','string',10,'14:00:00','DELETED',13,178,1,'abc@gmail.com','FTown 1'),(178,10,10,'17:00:00','string',10,'14:00:00','DELETED',13,179,1,'abc@gmail.com','FTown 1'),(179,10,10,'17:00:00','string',10,'14:00:00','DELETED',13,180,1,'abc@gmail.com','FTown 1'),(180,10,10,'17:00:00','string',10,'14:00:00','DELETED',13,181,1,'abc@gmail.com','FTown 1'),(181,10,10,'17:00:00','string',10,'14:00:00','DELETED',13,182,1,'abc@gmail.com','FTown 1'),(182,10,10,'17:00:00','string',10,'14:00:00','DELETED',13,183,1,'abc@gmail.com','FTown 1'),(183,10,10,'17:00:00','string',10,'14:00:00','DELETED',13,184,1,'abc@gmail.com','FTown 1'),(184,10,10,'17:00:00','string',10,'14:00:00','DELETED',13,185,1,'abc@gmail.com','FTown 1'),(185,10,10,'17:00:00','string',10,'14:00:00','DELETED',13,186,1,'abc@gmail.com','FTown 1'),(186,10,10,'17:00:00','string',10,'14:00:00','DELETED',13,187,1,'abc@gmail.com','FTown 1'),(187,10,10,'17:00:00','string',10,'14:00:00','DELETED',13,188,1,'abc@gmail.com','FTown 1'),(188,10,10,'17:00:00','string',10,'14:00:00','DELETED',13,189,1,'abc@gmail.com','FTown 1'),(189,10,10,'17:00:00','string',10,'14:00:00','DELETED',13,190,1,'abc@gmail.com','FTown 1'),(190,10,10,'17:00:00','string',10,'14:00:00','DELETED',13,191,1,'abc@gmail.com','FTown 1'),(191,10,10,'17:00:00','string',10,'14:00:00','DELETED',13,192,1,'abc@gmail.com','FTown 1'),(192,10,10,'17:00:00','string',10,'14:00:00','DELETED',13,193,1,'abc@gmail.com','FTown 1'),(193,10,10,'17:00:00','string',10,'14:00:00','DELETED',13,194,1,'abc@gmail.com','FTown 1'),(194,10,10,'17:00:00','string',10,'14:00:00','DELETED',13,195,1,'abc@gmail.com','FTown 1'),(195,10,10,'17:00:00','string',10,'14:00:00','DELETED',13,196,1,'abc@gmail.com','FTown 1'),(196,10,10,'17:00:00','string',10,'14:00:00','DELETED',13,197,1,'abc@gmail.com','FTown 1'),(197,10,10,'17:00:00','string',10,'14:00:00','DELETED',13,198,1,'abc@gmail.com','FTown 1'),(198,10,10,'17:00:00','string',10,'14:00:00','DELETED',13,199,1,'abc@gmail.com','FTown 1'),(199,10,10,'17:00:00','string',10,'14:00:00','DELETED',13,200,1,'abc@gmail.com','FTown 1'),(200,10,10,'17:00:00','string',10,'14:00:00','DELETED',13,201,1,'abc@gmail.com','FTown 1'),(201,10,10,'17:00:00','string',10,'14:00:00','DELETED',13,202,1,'abc@gmail.com','FTown 1'),(202,10,10,'17:00:00','string',10,'14:00:00','DELETED',13,203,1,'abc@gmail.com','FTown 1'),(203,10,10,'17:00:00','string',10,'14:00:00','DELETED',13,204,1,'abc@gmail.com','FTown 1'),(204,10,10,'17:00:00','string',10,'14:00:00','DELETED',13,205,1,'abc@gmail.com','FTown 1'),(205,10,10,'17:00:00','string',10,'14:00:00','DELETED',13,206,1,'abc@gmail.com','FTown 1'),(206,10,10,'17:00:00','string',10,'14:00:00','DELETED',13,207,1,'abc@gmail.com','FTown 1'),(207,10,10,'17:00:00','string',10,'14:00:00','DELETED',13,208,1,'abc@gmail.com','FTown 1'),(208,10,10,'17:00:00','string',10,'14:00:00','DELETED',13,209,1,'abc@gmail.com','FTown 1'),(209,10,10,'17:00:00','string',10,'14:00:00','DELETED',13,210,1,'abc@gmail.com','FTown 1'),(210,10,10,'17:00:00','string',10,'14:00:00','DELETED',13,211,1,'abc@gmail.com','FTown 1'),(211,10,10,'17:00:00','string',10,'14:00:00','DELETED',13,212,1,'abc@gmail.com','FTown 1'),(212,10,10,'17:00:00','string',10,'14:00:00','DELETED',13,213,1,'abc@gmail.com','FTown 1'),(213,10,10,'17:00:00','string',10,'14:00:00','DELETED',13,214,1,'abc@gmail.com','FTown 1'),(214,10,10,'17:00:00','string',10,'14:00:00','DELETED',13,215,1,'abc@gmail.com','FTown 1'),(215,10,10,'17:00:00','string',10,'14:00:00','DELETED',13,216,1,'abc@gmail.com','FTown 1'),(216,10,10,'17:00:00','string',10,'14:00:00','DELETED',13,217,1,'abc@gmail.com','FTown 1'),(217,10,10,'17:00:00','string',10,'14:00:00','DELETED',13,218,1,'abc@gmail.com','FTown 1'),(218,10,10,'17:00:00','string',10,'14:00:00','DELETED',13,219,1,'abc@gmail.com','FTown 1'),(219,10,10,'17:00:00','string',10,'14:00:00','DELETED',13,220,1,'abc@gmail.com','FTown 1'),(220,10,10,'17:00:00','string',10,'14:00:00','DELETED',13,221,1,'abc@gmail.com','FTown 1'),(221,10,10,'17:00:00','string',10,'14:00:00','DELETED',13,222,1,'abc@gmail.com','FTown 1'),(222,10,10,'17:00:00','string',10,'14:00:00','DELETED',13,223,1,'abc@gmail.com','FTown 1'),(223,10,10,'17:00:00','string',10,'14:00:00','DELETED',13,224,1,'abc@gmail.com','FTown 1'),(224,10,10,'17:00:00','string',10,'14:00:00','DELETED',13,225,1,'abc@gmail.com','FTown 1'),(225,10,10,'17:00:00','string',10,'14:00:00','DELETED',13,226,1,'abc@gmail.com','FTown 1'),(226,10,10,'17:00:00','string',10,'14:00:00','DELETED',13,227,1,'abc@gmail.com','FTown 1'),(227,10,10,'17:00:00','string',10,'14:00:00','DELETED',13,228,1,'abc@gmail.com','FTown 1'),(228,10,10,'17:00:00','string',10,'14:00:00','DELETED',13,229,1,'abc@gmail.com','FTown 1'),(229,10,10,'17:00:00','string',10,'14:00:00','DELETED',13,230,1,'abc@gmail.com','FTown 1'),(230,10,10,'17:00:00','string',10,'14:00:00','DELETED',13,231,1,'abc@gmail.com','FTown 1'),(231,10,10,'17:00:00','string',10,'14:00:00','DELETED',13,232,1,'abc@gmail.com','FTown 1'),(232,10,10,'17:00:00','string',10,'14:00:00','DELETED',13,233,1,'abc@gmail.com','FTown 1'),(233,10,10,'17:00:00','string',10,'14:00:00','DELETED',13,234,1,'abc@gmail.com','FTown 1'),(234,10,10,'17:00:00','string',10,'14:00:00','DELETED',13,235,1,'abc@gmail.com','FTown 1'),(235,10,10,'17:00:00','string',10,'14:00:00','DELETED',13,236,1,'abc@gmail.com','FTown 1'),(236,10,10,'17:00:00','string',10,'14:00:00','DELETED',13,237,1,'abc@gmail.com','FTown 1'),(237,10,10,'17:00:00','string',10,'14:00:00','DELETED',13,238,1,'abc@gmail.com','FTown 1'),(238,10,10,'17:00:00','string',10,'14:00:00','DELETED',13,239,1,'abc@gmail.com','FTown 1'),(239,10,10,'17:00:00','string',10,'14:00:00','DELETED',13,240,1,'abc@gmail.com','FTown 1'),(240,10,10,'17:00:00','string',10,'14:00:00','DELETED',13,241,1,'abc@gmail.com','FTown 1'),(241,10,10,'17:00:00','string',10,'14:00:00','DELETED',13,242,1,'abc@gmail.com','FTown 1'),(242,10,10,'17:00:00','string',10,'14:00:00','DELETED',13,243,1,'abc@gmail.com','FTown 1'),(243,10,10,'17:00:00','string',10,'14:00:00','DELETED',13,244,1,'abc@gmail.com','FTown 1'),(244,10,10,'17:00:00','string',10,'14:00:00','DELETED',13,245,1,'abc@gmail.com','FTown 1'),(245,11,10,'14:07:06','',12,'09:14:05','DELETED',13,246,2,'khai@gmail.com','Ha Noi'),(246,11,10,'14:07:06','',12,'09:14:05','DELETED',13,247,2,'khai@gmail.com','Ha Noi'),(247,2,3,'08:00:00','',1,'03:00:00','DELETED',15,248,2,'quan@gmail.com','Da Nang'),(248,3,4,'13:00:00','',1,'06:00:00','DELETED',14,249,2,'huyen@gmail.com','Ha Noi'),(249,2,3,'08:00:00','',1,'03:00:00','DELETED',15,250,3,'huyen@gmail.com','Da Nang'),(250,2,3,'07:00:00','',1,'02:00:00','DELETED',16,251,3,'duong@gmail.com','Ha Noi'),(251,2,3,'14:00:00','',12,'02:00:00','DELETED',13,252,2,'khai@gmail.com','Ha Noi'),(252,22,2,'07:00:00','',1,'02:00:00','DELETED',13,253,2,'khai@gmail.com','Ha Noi'),(253,2,3,'07:00:00','',1,'02:00:00','DELETED',16,254,2,'minh@gmail.com','Ha Noi'),(254,123,123,NULL,'',123,NULL,'DELETED',15,255,1,'khai@gmail.com','Ha Noi'),(255,123,123,NULL,'',123,NULL,'DELETED',15,256,1,'khai@gmail.com','Ha Noi'),(256,12,12,NULL,'',12,NULL,'DELETED',14,257,1,'dieu@gmail.com','Ha Noi'),(257,1,1,'12:00:00','',1,'06:00:00','DELETED',14,258,1,'minh@gmail.com','Ha Noi'),(258,1,1,'06:00:00','',1,'02:00:00','DELETED',14,259,2,'duong@gmail.com','Ho Chi Minh'),(259,2,2,NULL,'',2,NULL,'DELETED',13,260,1,'khai@gmail.com','Ha Noi'),(260,2,3,'14:00:00','',2,'02:00:00','DELETED',15,261,3,'quan@gmail.com','Ha Noi'),(261,1,1,'01:00:00','',1,'00:00:00','DELETED',16,262,1,'quan@gmail.com','Da Nang'),(262,23,32,'16:05:06','',12,'12:02:04','DELETED',14,263,1,'dieu@gmail.com','Ho Chi Minh'),(263,23,32,'16:05:06','',12,'12:02:04','DELETED',14,264,1,'dieu@gmail.com','Ho Chi Minh'),(264,12,23,'04:04:05','',23,'01:03:04','DELETED',14,265,1,'dieu@gmail.com','Ho Chi Minh'),(265,23,23,'09:00:00','',23,'03:00:00','DELETED',14,266,1,'duong@gmail.com','Ha Noi'),(266,23,23,'09:00:00','',23,'03:00:00','DELETED',14,267,1,'duong@gmail.com','Ha Noi'),(267,23,23,'09:00:00','',23,'03:00:00','DELETED',14,268,1,'duong@gmail.com','Ha Noi'),(268,23,23,'09:00:00','',23,'03:00:00','DELETED',14,269,1,'duong@gmail.com','Ha Noi'),(269,23,23,'09:00:00','',23,'03:00:00','DELETED',14,270,1,'duong@gmail.com','Ha Noi'),(270,23,23,'09:00:00','',23,'03:00:00','DELETED',14,271,1,'duong@gmail.com','Ha Noi'),(271,23,23,'09:00:00','',23,'03:00:00','DELETED',14,272,1,'duong@gmail.com','Ha Noi'),(272,23,23,'09:00:00','',23,'03:00:00','DELETED',14,273,1,'duong@gmail.com','Ha Noi'),(273,23,23,'09:00:00','',23,'03:00:00','DELETED',14,274,1,'duong@gmail.com','Ha Noi'),(274,23,23,'09:00:00','',23,'03:00:00','DELETED',14,275,1,'duong@gmail.com','Ha Noi'),(275,23,23,'09:00:00','',23,'03:00:00','DELETED',14,276,1,'duong@gmail.com','Ha Noi'),(276,10,23,'07:00:07','',4,'01:00:06','DELETED',13,277,2,'dieu@gmail.com','Ha Noi'),(277,34,78,'07:00:00','',23,'03:00:00','DELETED',14,278,1,'minh@gmail.com','Ha Noi'),(278,1,1,'09:00:00','',1,'05:00:00','DELETED',13,279,1,'huyen@gmail.com','Ha Noi'),(279,1,1,'03:00:00','',1,'00:00:00','DELETED',13,280,2,'dieu@gmail.com','Ha Noi'),(280,1,1,'14:00:00','',1,'05:00:00','DELETED',16,281,1,'huyen@gmail.com','Ho Chi Minh'),(281,1,1,'11:00:00','',1,'01:00:00','DELETED',15,282,1,'dieu@gmail.com','Ha Noi'),(282,1,1,'06:00:00','',1,'01:00:00','DELETED',16,283,1,'dieu@gmail.com','Ho Chi Minh'),(283,2,2,NULL,'',2,NULL,'DELETED',14,284,1,'duong@gmail.com','Da Nang'),(284,4,5,'09:00:00','',3,'02:00:00','DELETED',14,285,2,'khai@gmail.com','Da Nang'),(285,2,2,'15:06:00','',3,'03:00:06','DELETED',14,286,1,'dieu@gmail.com','Ha Noi'),(286,2,2,'06:00:00','',2,'02:00:00','DELETED',14,287,2,'dieu@gmail.com','Ha Noi'),(287,3,3,'05:00:04','',3,'03:00:00','DELETED',13,288,1,'khai@gmail.com','Ho Chi Minh'),(288,22,23,'04:00:00','',10,'02:00:00','DELETED',13,289,1,'dieu@gmail.com','Ho Chi Minh'),(289,21,21,'05:00:00','',12,'01:00:00','DELETED',14,290,1,'khai@gmail.com','Ho Chi Minh'),(290,2,2,'07:00:00','',2,'02:00:00','DELETED',14,291,1,'dieu@gmail.com','Ha Noi'),(291,11,11,'07:00:00','',11,'02:00:00','DELETED',14,292,1,'dieu@gmail.com','Ha Noi'),(292,21,11,'22:00:00','',12,'02:00:00','DELETED',14,293,1,'dieu@gmail.com','Ho Chi Minh'),(293,12,12,'08:00:00','',12,'03:00:06','DELETED',15,294,1,'dieu@gmail.com','Ha Noi'),(294,33,33,'03:00:00','',33,'01:00:00','PLANNING',14,295,1,'dieu@gmail.com','Ha Noi'),(295,11,11,'08:00:00','',11,'03:00:00','DELETED',15,296,1,'dieu@gmail.com','Ha Noi'),(296,11,11,'08:00:00','',11,'03:00:00','DELETED',15,297,1,'dieu@gmail.com','Ha Noi'),(297,11,11,'08:00:00','',11,'03:00:00','PLANNING',15,298,1,'dieu@gmail.com','Ha Noi'),(298,22,22,'14:00:00','',22,'02:00:00','PLANNING',14,299,1,'khai@gmail.com','Ha Noi'),(299,33,33,'12:00:13','',33,'06:00:07','DELETED',14,300,1,'quan@gmail.com','Ha Noi'),(300,44,44,'05:09:06','',44,'05:05:00','PLANNING',16,301,1,'dieu@gmail.com','Ha Noi'),(301,33,33,'04:00:00','',4,'00:00:00','DELETED',14,302,1,'quan@gmail.com','Ha Noi'),(302,55,55,'07:00:00','',55,'00:00:00','PLANNING',14,303,1,'duong@gmail.com','Da Nang'),(303,77,77,'13:00:00','',77,'06:00:00','PLANNING',15,304,1,'khai@gmail.com','Da Nang'),(304,22,33,'07:00:00','',33,'02:00:00','PLANNING',15,305,1,'khai@gmail.com','Ha Noi'),(305,66,22,'19:00:00','',66,'02:00:00','PLANNING',14,306,1,'dieu@gmail.com','Ho Chi Minh'),(306,11,11,'10:00:00','',11,'03:00:00','PLANNING',15,307,1,'dieu@gmail.com','Ho Chi Minh'),(307,22,23,'05:13:00','',11,'00:00:00','PLANNING',13,308,2,'quan@gmail.com','Ha Noi'),(308,33,33,'16:00:00','',33,'09:00:00','PLANNING',15,309,1,'khai@gmail.com','Ho Chi Minh'),(309,44,44,'07:00:00','',34,'01:00:00','PLANNING',14,310,1,'khai@gmail.com','Da Nang'),(310,33,33,'08:00:00','',33,'02:00:00','PLANNING',15,311,2,'quan@gmail.com','Ha Noi'),(311,55,55,'14:00:00','',55,'10:00:00','PLANNING',15,312,1,'khai@gmail.com','Ha Noi'),(312,55,44,'22:00:00','',66,'21:00:00','PLANNING',14,313,1,'khai@gmail.com','Ha Noi'),(313,4,4,'17:00:06','',4,'04:00:05','PLANNING',15,314,2,'pate@gmail.com','Ho Chi Minh'),(314,11,11,'22:00:00','',11,'03:00:00','PLANNING',15,315,2,'huyen@gmail.com','Da Nang'),(315,33,33,'10:00:00','',33,'03:00:00','PLANNING',14,316,1,'pate@gmail.com','Ho Chi Minh'),(316,44,11,'23:00:00','',66,'21:00:00','PLANNING',13,317,1,'khai@gmail.com','Ha Noi'),(317,30,20,'14:00:00','',30,'02:00:00','PLANNING',15,318,2,'duong@gmail.com','Ha Noi'),(318,22,22,'06:00:00','',22,'02:00:00','PLANNING',16,319,2,'minh@gmail.com','Ha Noi'),(319,177,77,'08:00:00','',77,'03:04:00','PLANNING',15,320,1,'huyen@gmail.com','Ho Chi Minh'),(320,66,66,'16:00:00','',66,'11:05:00','PLANNING',14,321,1,'khai@gmail.com','Ho Chi Minh'),(321,19,22,'13:00:00','',77,'02:00:00','PLANNING',14,322,2,'dieu@gmail.com','Ho Chi Minh'),(322,44,44,'08:00:00','',44,'02:00:00','PLANNING',14,323,1,'minh@gmail.com','Da Nang'),(323,55,55,'08:00:00','',55,'02:04:00','PLANNING',13,324,1,'dieu@gmail.com','Ha Noi'),(324,88,88,'07:00:00','',88,'01:00:00','PLANNING',14,325,1,'quan@gmail.com','Ho Chi Minh'),(325,23,23,'12:07:00','',23,'03:06:00','PLANNING',15,326,1,'khai@gmail.com','Ha Noi');
/*!40000 ALTER TABLE `class_details` ENABLE KEYS */;
UNLOCK TABLES;

--
-- Table structure for table `class_schedules`
--

DROP TABLE IF EXISTS `class_schedules`;
/*!40101 SET @saved_cs_client     = @@character_set_client */;
/*!50503 SET character_set_client = utf8mb4 */;
CREATE TABLE `class_schedules` (
  `id` bigint NOT NULL AUTO_INCREMENT,
  `study_date` date DEFAULT NULL,
  `class_detail_id` bigint DEFAULT NULL,
  `trainer_id` bigint DEFAULT NULL,
  `session_id` bigint DEFAULT NULL,
  PRIMARY KEY (`id`),
  KEY `FK3hr653l17gogn08c6or9junst` (`class_detail_id`),
  KEY `FKfgq5lye3c64by4udqajlr279g` (`trainer_id`),
  KEY `FK5upcw2hwhgv5gbkggmk42r7wc` (`session_id`),
  CONSTRAINT `FK3hr653l17gogn08c6or9junst` FOREIGN KEY (`class_detail_id`) REFERENCES `class_details` (`id`),
  CONSTRAINT `FK5upcw2hwhgv5gbkggmk42r7wc` FOREIGN KEY (`session_id`) REFERENCES `sessions` (`id`),
  CONSTRAINT `FKfgq5lye3c64by4udqajlr279g` FOREIGN KEY (`trainer_id`) REFERENCES `users` (`id`)
) ENGINE=InnoDB AUTO_INCREMENT=832 DEFAULT CHARSET=utf8mb4 COLLATE=utf8mb4_0900_ai_ci;
/*!40101 SET character_set_client = @saved_cs_client */;

--
-- Dumping data for table `class_schedules`
--

LOCK TABLES `class_schedules` WRITE;
/*!40000 ALTER TABLE `class_schedules` DISABLE KEYS */;
INSERT INTO `class_schedules` VALUES (1,'2023-03-18',1,NULL,32),(2,'2023-03-24',1,NULL,50),(3,'2023-03-18',2,NULL,32),(4,'2023-03-24',2,NULL,50),(5,'2023-03-17',3,NULL,32),(6,'2023-03-20',3,NULL,50),(7,'2023-03-22',3,NULL,46),(8,'2023-03-26',3,NULL,31),(9,'2023-03-30',3,NULL,33),(10,'2023-03-17',4,NULL,32),(11,'2023-03-20',4,NULL,50),(12,'2023-03-22',4,NULL,46),(13,'2023-03-26',4,NULL,31),(14,'2023-03-30',4,NULL,33),(15,'2023-03-17',5,NULL,32),(16,'2023-03-20',5,NULL,50),(17,'2023-03-22',5,NULL,46),(18,'2023-03-26',5,NULL,31),(19,'2023-03-30',5,NULL,33),(20,'2023-03-17',6,NULL,32),(21,'2023-03-20',6,NULL,50),(22,'2023-03-22',6,NULL,46),(23,'2023-03-26',6,NULL,31),(24,'2023-03-30',6,NULL,33),(25,'2023-03-17',7,NULL,32),(26,'2023-03-20',7,NULL,50),(27,'2023-03-22',7,NULL,46),(28,'2023-03-26',7,NULL,31),(29,'2023-03-30',7,NULL,33),(30,'2023-03-17',8,NULL,32),(31,'2023-03-20',8,NULL,50),(32,'2023-03-22',8,NULL,46),(33,'2023-03-26',8,NULL,31),(34,'2023-03-30',8,NULL,33),(35,'2023-03-17',9,NULL,32),(36,'2023-03-20',9,NULL,50),(37,'2023-03-22',9,NULL,46),(38,'2023-03-26',9,NULL,31),(39,'2023-03-30',9,NULL,33),(40,'2023-03-17',10,NULL,32),(41,'2023-03-20',10,NULL,50),(42,'2023-03-22',10,NULL,46),(43,'2023-03-26',10,NULL,31),(44,'2023-03-30',10,NULL,33),(45,'2023-03-17',11,NULL,32),(46,'2023-03-20',11,NULL,50),(47,'2023-03-22',11,NULL,46),(48,'2023-03-26',11,NULL,31),(49,'2023-03-30',11,NULL,33),(50,'2023-03-17',12,NULL,32),(51,'2023-03-20',12,NULL,50),(52,'2023-03-22',12,NULL,46),(53,'2023-03-26',12,NULL,31),(54,'2023-03-30',12,NULL,33),(55,'2023-03-17',13,NULL,32),(56,'2023-03-20',13,NULL,50),(57,'2023-03-22',13,NULL,46),(58,'2023-03-26',13,NULL,31),(59,'2023-03-30',13,NULL,33),(60,'2023-03-17',14,NULL,32),(61,'2023-03-20',14,NULL,50),(62,'2023-03-22',14,NULL,46),(63,'2023-03-26',14,NULL,31),(64,'2023-03-30',14,NULL,33),(65,'2023-03-17',15,NULL,32),(66,'2023-03-20',15,NULL,50),(67,'2023-03-22',15,NULL,46),(68,'2023-03-26',15,NULL,31),(69,'2023-03-30',15,NULL,33),(70,'2023-03-17',16,NULL,32),(71,'2023-03-20',16,NULL,50),(72,'2023-03-22',16,NULL,46),(73,'2023-03-26',16,NULL,31),(74,'2023-03-30',16,NULL,33),(75,'2023-03-17',17,NULL,32),(76,'2023-03-20',17,NULL,50),(77,'2023-03-22',17,NULL,46),(78,'2023-03-26',17,NULL,31),(79,'2023-03-30',17,NULL,33),(80,'2023-03-17',18,NULL,32),(81,'2023-03-20',18,NULL,50),(82,'2023-03-22',18,NULL,46),(83,'2023-03-26',18,NULL,31),(84,'2023-03-30',18,NULL,33),(85,'2023-03-17',19,NULL,32),(86,'2023-03-20',19,NULL,50),(87,'2023-03-22',19,NULL,46),(88,'2023-03-26',19,NULL,31),(89,'2023-03-30',19,NULL,33),(90,'2023-03-17',20,NULL,32),(91,'2023-03-20',20,NULL,50),(92,'2023-03-22',20,NULL,46),(93,'2023-03-26',20,NULL,31),(94,'2023-03-30',20,NULL,33),(95,'2023-03-17',21,NULL,32),(96,'2023-03-20',21,NULL,50),(97,'2023-03-22',21,NULL,46),(98,'2023-03-26',21,NULL,31),(99,'2023-03-30',21,NULL,33),(100,'2023-03-17',22,NULL,32),(101,'2023-03-20',22,NULL,50),(102,'2023-03-22',22,NULL,46),(103,'2023-03-26',22,NULL,31),(104,'2023-03-30',22,NULL,33),(105,'2023-03-17',23,NULL,32),(106,'2023-03-20',23,NULL,50),(107,'2023-03-22',23,NULL,46),(108,'2023-03-26',23,NULL,31),(109,'2023-03-30',23,NULL,33),(110,'2023-03-17',24,NULL,32),(111,'2023-03-20',24,NULL,50),(112,'2023-03-22',24,NULL,46),(113,'2023-03-26',24,NULL,31),(114,'2023-03-30',24,NULL,33),(115,'2023-03-17',25,NULL,32),(116,'2023-03-20',25,NULL,50),(117,'2023-03-22',25,NULL,46),(118,'2023-03-26',25,NULL,31),(119,'2023-03-30',25,NULL,33),(120,'2023-03-17',26,NULL,32),(121,'2023-03-20',26,NULL,50),(122,'2023-03-22',26,NULL,46),(123,'2023-03-26',26,NULL,31),(124,'2023-03-30',26,NULL,33),(125,'2023-03-17',27,NULL,32),(126,'2023-03-20',27,NULL,50),(127,'2023-03-22',27,NULL,46),(128,'2023-03-26',27,NULL,31),(129,'2023-03-30',27,NULL,33),(130,'2023-03-17',28,NULL,32),(131,'2023-03-20',28,NULL,50),(132,'2023-03-22',28,NULL,46),(133,'2023-03-26',28,NULL,31),(134,'2023-03-30',28,NULL,33),(135,'2023-03-17',29,NULL,32),(136,'2023-03-20',29,NULL,50),(137,'2023-03-22',29,NULL,46),(138,'2023-03-26',29,NULL,31),(139,'2023-03-30',29,NULL,33),(140,'2023-03-17',30,NULL,32),(141,'2023-03-20',30,NULL,50),(142,'2023-03-22',30,NULL,46),(143,'2023-03-26',30,NULL,31),(144,'2023-03-30',30,NULL,33),(145,'2023-03-17',31,NULL,32),(146,'2023-03-20',31,NULL,50),(147,'2023-03-22',31,NULL,46),(148,'2023-03-26',31,NULL,31),(149,'2023-03-30',31,NULL,33),(150,'2023-03-17',32,NULL,32),(151,'2023-03-20',32,NULL,50),(152,'2023-03-22',32,NULL,46),(153,'2023-03-26',32,NULL,31),(154,'2023-03-30',32,NULL,33),(155,'2023-03-17',33,NULL,32),(156,'2023-03-20',33,NULL,50),(157,'2023-03-22',33,NULL,46),(158,'2023-03-26',33,NULL,31),(159,'2023-03-30',33,NULL,33),(160,'2023-03-17',34,NULL,32),(161,'2023-03-20',34,NULL,50),(162,'2023-03-22',34,NULL,46),(163,'2023-03-26',34,NULL,31),(164,'2023-03-30',34,NULL,33),(165,'2023-03-17',35,NULL,32),(166,'2023-03-20',35,NULL,50),(167,'2023-03-22',35,NULL,46),(168,'2023-03-26',35,NULL,31),(169,'2023-03-30',35,NULL,33),(170,'2023-03-17',36,NULL,32),(171,'2023-03-20',36,NULL,50),(172,'2023-03-22',36,NULL,46),(173,'2023-03-26',36,NULL,31),(174,'2023-03-30',36,NULL,33),(175,'2023-03-17',37,NULL,32),(176,'2023-03-20',37,NULL,50),(177,'2023-03-22',37,NULL,46),(178,'2023-03-26',37,NULL,31),(179,'2023-03-30',37,NULL,33),(180,'2023-03-17',38,NULL,32),(181,'2023-03-20',38,NULL,50),(182,'2023-03-22',38,NULL,46),(183,'2023-03-26',38,NULL,31),(184,'2023-03-30',38,NULL,33),(185,'2023-03-17',39,NULL,32),(186,'2023-03-20',39,NULL,50),(187,'2023-03-22',39,NULL,46),(188,'2023-03-26',39,NULL,31),(189,'2023-03-30',39,NULL,33),(190,'2023-03-17',40,NULL,32),(191,'2023-03-20',40,NULL,50),(192,'2023-03-22',40,NULL,46),(193,'2023-03-26',40,NULL,31),(194,'2023-03-30',40,NULL,33),(195,'2023-03-17',41,NULL,32),(196,'2023-03-20',41,NULL,50),(197,'2023-03-22',41,NULL,46),(198,'2023-03-26',41,NULL,31),(199,'2023-03-30',41,NULL,33),(200,'2023-03-17',42,NULL,32),(201,'2023-03-20',42,NULL,50),(202,'2023-03-22',42,NULL,46),(203,'2023-03-26',42,NULL,31),(204,'2023-03-30',42,NULL,33),(205,'2023-03-17',43,NULL,32),(206,'2023-03-20',43,NULL,50),(207,'2023-03-22',43,NULL,46),(208,'2023-03-26',43,NULL,31),(209,'2023-03-30',43,NULL,33),(210,'2023-03-17',44,NULL,32),(211,'2023-03-20',44,NULL,50),(212,'2023-03-17',45,NULL,32),(213,'2023-03-20',45,NULL,50),(214,'2023-03-17',46,NULL,32),(215,'2023-03-20',46,NULL,50),(216,'2023-03-17',47,NULL,32),(217,'2023-03-20',47,NULL,50),(218,'2023-03-17',48,NULL,32),(219,'2023-03-20',48,NULL,50),(220,'2023-03-25',49,NULL,32),(221,'2023-03-27',49,NULL,50),(222,'2023-03-17',50,NULL,32),(223,'2023-03-20',50,NULL,50),(224,'2023-03-17',51,NULL,32),(225,'2023-03-20',51,NULL,50),(226,'2023-03-17',52,NULL,32),(227,'2023-03-20',52,NULL,50),(228,'2023-03-17',53,NULL,32),(229,'2023-03-20',53,NULL,50),(230,'2023-03-17',54,NULL,32),(231,'2023-03-20',54,NULL,50),(232,'2023-03-17',55,NULL,32),(233,'2023-03-20',55,NULL,50),(234,'2023-03-17',56,NULL,32),(235,'2023-03-20',56,NULL,50),(236,'2023-03-17',57,NULL,32),(237,'2023-03-20',57,NULL,50),(238,'2023-03-17',58,NULL,32),(239,'2023-03-20',58,NULL,50),(240,'2023-03-17',59,NULL,32),(241,'2023-03-20',59,NULL,50),(242,'2023-03-17',60,NULL,32),(243,'2023-03-20',60,NULL,50),(244,'2023-03-17',61,NULL,32),(245,'2023-03-20',61,NULL,50),(246,'2023-03-17',62,NULL,32),(247,'2023-03-20',62,NULL,50),(248,'2023-03-17',63,NULL,32),(249,'2023-03-20',63,NULL,50),(250,'2023-03-17',64,NULL,32),(251,'2023-03-20',64,NULL,50),(252,'2023-03-17',65,NULL,32),(253,'2023-03-20',65,NULL,50),(254,'2023-03-17',66,NULL,32),(255,'2023-03-20',66,NULL,50),(256,'2023-03-17',67,NULL,32),(257,'2023-03-20',67,NULL,50),(258,'2023-03-17',68,NULL,32),(259,'2023-03-20',68,NULL,50),(260,'2023-03-17',69,NULL,32),(261,'2023-03-20',69,NULL,50),(262,'2023-03-17',70,NULL,32),(263,'2023-03-20',70,NULL,50),(264,'2023-03-17',71,NULL,32),(265,'2023-03-20',71,NULL,50),(266,'2023-03-17',72,NULL,32),(267,'2023-03-20',72,NULL,50),(268,'2023-03-17',73,NULL,32),(269,'2023-03-20',73,NULL,50),(270,'2023-03-17',74,NULL,32),(271,'2023-03-20',74,NULL,50),(272,'2023-03-17',75,NULL,32),(273,'2023-03-20',75,NULL,50),(274,'2023-03-17',76,NULL,32),(275,'2023-03-20',76,NULL,50),(276,'2023-03-17',77,NULL,32),(277,'2023-03-20',77,NULL,50),(278,'2023-03-17',78,NULL,32),(279,'2023-03-20',78,NULL,50),(280,'2023-03-17',79,NULL,32),(281,'2023-03-20',79,NULL,50),(282,'2023-03-17',80,NULL,32),(283,'2023-03-20',80,NULL,50),(284,'2023-03-17',81,NULL,32),(285,'2023-03-20',81,NULL,50),(286,'2023-03-17',82,NULL,32),(287,'2023-03-20',82,NULL,50),(288,'2023-03-17',83,NULL,32),(289,'2023-03-20',83,NULL,50),(290,'2023-03-17',84,NULL,32),(291,'2023-03-20',84,NULL,50),(292,'2023-03-17',85,NULL,32),(293,'2023-03-20',85,NULL,50),(294,'2023-03-17',86,NULL,32),(295,'2023-03-20',86,NULL,50),(296,'2023-03-17',87,NULL,32),(297,'2023-03-20',87,NULL,50),(298,'2023-03-17',88,NULL,32),(299,'2023-03-20',88,NULL,50),(300,'2023-03-17',89,NULL,32),(301,'2023-03-20',89,NULL,50),(302,'2023-03-17',90,NULL,32),(303,'2023-03-20',90,NULL,50),(304,'2023-03-17',91,NULL,32),(305,'2023-03-20',91,NULL,50),(306,'2023-03-17',92,NULL,32),(307,'2023-03-20',92,NULL,50),(308,'2023-03-17',93,NULL,32),(309,'2023-03-20',93,NULL,50),(310,'2023-03-17',94,NULL,32),(311,'2023-03-20',94,NULL,50),(312,'2023-03-17',95,NULL,32),(313,'2023-03-20',95,NULL,50),(314,'2023-03-17',96,NULL,32),(315,'2023-03-20',96,NULL,50),(316,'2023-03-17',97,NULL,32),(317,'2023-03-20',97,NULL,50),(318,'2023-03-17',98,NULL,32),(319,'2023-03-20',98,NULL,50),(320,'2023-03-17',99,NULL,32),(321,'2023-03-20',99,NULL,50),(322,'2023-03-17',100,NULL,32),(323,'2023-03-20',100,NULL,50),(324,'2023-03-17',101,NULL,32),(325,'2023-03-20',101,NULL,50),(326,'2023-03-17',102,NULL,32),(327,'2023-03-20',102,NULL,50),(328,'2023-03-17',103,NULL,32),(329,'2023-03-20',103,NULL,50),(330,'2023-03-17',104,NULL,32),(331,'2023-03-20',104,NULL,50),(332,'2023-03-17',105,NULL,32),(333,'2023-03-20',105,NULL,50),(334,'2023-03-17',106,NULL,32),(335,'2023-03-20',106,NULL,50),(336,'2023-03-17',107,NULL,32),(337,'2023-03-20',107,NULL,50),(338,'2023-03-17',108,NULL,32),(339,'2023-03-20',108,NULL,50),(340,'2023-03-17',109,NULL,32),(341,'2023-03-20',109,NULL,50),(342,'2023-03-17',110,NULL,32),(343,'2023-03-20',110,NULL,50),(344,'2023-03-17',111,NULL,32),(345,'2023-03-20',111,NULL,50),(346,'2023-03-25',112,NULL,32),(347,'2023-03-27',112,NULL,50),(348,'2023-03-17',113,NULL,32),(349,'2023-03-20',113,NULL,50),(350,'2023-03-17',114,NULL,32),(351,'2023-03-20',114,NULL,50),(352,'2023-03-17',115,NULL,32),(353,'2023-03-20',115,NULL,50),(354,'2023-03-17',116,NULL,32),(355,'2023-03-20',116,NULL,50),(356,'2023-03-17',117,NULL,32),(357,'2023-03-20',117,NULL,50),(358,'2023-03-17',118,NULL,32),(359,'2023-03-20',118,NULL,50),(360,'2023-03-17',119,NULL,32),(361,'2023-03-20',119,NULL,50),(362,'2023-03-17',120,NULL,32),(363,'2023-03-20',120,NULL,50),(364,'2023-03-17',121,NULL,32),(365,'2023-03-20',121,NULL,50),(366,'2023-03-17',122,NULL,32),(367,'2023-03-20',122,NULL,50),(368,'2023-03-17',123,NULL,32),(369,'2023-03-20',123,NULL,50),(370,'2023-03-17',124,NULL,32),(371,'2023-03-20',124,NULL,50),(372,'2023-03-17',125,NULL,32),(373,'2023-03-20',125,NULL,50),(374,'2023-03-17',126,NULL,32),(375,'2023-03-20',126,NULL,50),(376,'2023-03-17',127,NULL,32),(377,'2023-03-20',127,NULL,50),(378,'2023-03-17',128,NULL,32),(379,'2023-03-20',128,NULL,50),(380,'2023-03-17',129,NULL,32),(381,'2023-03-20',129,NULL,50),(382,'2023-03-17',130,NULL,32),(383,'2023-03-20',130,NULL,50),(384,'2023-03-17',131,NULL,32),(385,'2023-03-20',131,NULL,50),(386,'2023-03-17',132,NULL,32),(387,'2023-03-20',132,NULL,50),(388,'2023-03-17',133,NULL,32),(389,'2023-03-20',133,NULL,50),(390,'2023-03-17',134,NULL,32),(391,'2023-03-20',134,NULL,50),(392,'2023-03-17',135,NULL,32),(393,'2023-03-20',135,NULL,50),(394,'2023-03-17',136,NULL,32),(395,'2023-03-20',136,NULL,50),(396,'2023-03-17',137,NULL,32),(397,'2023-03-20',137,NULL,50),(398,'2023-03-17',138,NULL,32),(399,'2023-03-20',138,NULL,50),(400,'2023-03-17',139,NULL,32),(401,'2023-03-20',139,NULL,50),(402,'2023-03-25',140,NULL,32),(403,'2023-03-27',140,NULL,50),(404,'2023-03-17',141,NULL,32),(405,'2023-03-20',141,NULL,50),(406,'2023-03-17',142,NULL,32),(407,'2023-03-20',142,NULL,50),(408,'2023-03-17',143,NULL,32),(409,'2023-03-20',143,NULL,50),(410,'2023-03-17',144,NULL,32),(411,'2023-03-20',144,NULL,50),(412,'2023-03-17',145,NULL,32),(413,'2023-03-20',145,NULL,50),(414,'2023-03-17',146,NULL,32),(415,'2023-03-20',146,NULL,50),(416,'2023-03-17',147,NULL,32),(417,'2023-03-20',147,NULL,50),(418,'2023-03-17',148,NULL,32),(419,'2023-03-20',148,NULL,50),(420,'2023-03-17',149,NULL,32),(421,'2023-03-20',149,NULL,50),(422,'2023-03-17',150,NULL,32),(423,'2023-03-20',150,NULL,50),(424,'2023-03-17',151,NULL,32),(425,'2023-03-20',151,NULL,50),(426,'2023-03-17',152,NULL,32),(427,'2023-03-20',152,NULL,50),(428,'2023-03-17',153,NULL,32),(429,'2023-03-20',153,NULL,50),(430,'2023-03-17',154,NULL,32),(431,'2023-03-20',154,NULL,50),(432,'2023-03-17',155,NULL,32),(433,'2023-03-20',155,NULL,50),(434,'2023-03-17',156,NULL,32),(435,'2023-03-20',156,NULL,50),(436,'2023-03-17',157,NULL,32),(437,'2023-03-20',157,NULL,50),(438,'2023-03-17',158,NULL,32),(439,'2023-03-20',158,NULL,50),(440,'2023-03-17',159,NULL,32),(441,'2023-03-20',159,NULL,50),(442,'2023-03-17',160,NULL,32),(443,'2023-03-20',160,NULL,50),(444,'2023-03-17',161,NULL,32),(445,'2023-03-20',161,NULL,50),(446,'2023-03-17',162,NULL,32),(447,'2023-03-20',162,NULL,50),(448,'2023-03-17',163,NULL,32),(449,'2023-03-20',163,NULL,50),(450,'2023-03-17',164,NULL,32),(451,'2023-03-20',164,NULL,50),(452,'2023-03-17',165,NULL,32),(453,'2023-03-20',165,NULL,50),(454,'2023-03-17',166,NULL,32),(455,'2023-03-20',166,NULL,50),(456,'2023-03-17',167,NULL,32),(457,'2023-03-20',167,NULL,50),(458,'2023-03-17',168,NULL,32),(459,'2023-03-20',168,NULL,50),(460,'2023-03-17',169,NULL,32),(461,'2023-03-20',169,NULL,50),(462,'2023-03-17',170,NULL,32),(463,'2023-03-20',170,NULL,50),(464,'2023-03-17',171,NULL,32),(465,'2023-03-20',171,NULL,50),(466,'2023-03-17',172,NULL,32),(467,'2023-03-20',172,NULL,50),(468,'2023-03-17',173,NULL,32),(469,'2023-03-20',173,NULL,50),(470,'2023-03-17',174,NULL,32),(471,'2023-03-20',174,NULL,50),(472,'2023-03-17',175,NULL,32),(473,'2023-03-20',175,NULL,50),(474,'2023-03-17',176,NULL,32),(475,'2023-03-20',176,NULL,50),(476,'2023-03-17',177,NULL,32),(477,'2023-03-20',177,NULL,50),(478,'2023-03-17',178,NULL,32),(479,'2023-03-20',178,NULL,50),(480,'2023-03-17',179,NULL,32),(481,'2023-03-20',179,NULL,50),(482,'2023-03-17',180,NULL,32),(483,'2023-03-20',180,NULL,50),(484,'2023-03-17',181,NULL,32),(485,'2023-03-20',181,NULL,50),(486,'2023-03-17',182,NULL,32),(487,'2023-03-20',182,NULL,50),(488,'2023-03-17',183,NULL,32),(489,'2023-03-20',183,NULL,50),(490,'2023-03-17',184,NULL,32),(491,'2023-03-20',184,NULL,50),(492,'2023-03-17',185,NULL,32),(493,'2023-03-20',185,NULL,50),(494,'2023-03-17',186,NULL,32),(495,'2023-03-20',186,NULL,50),(496,'2023-03-17',187,NULL,32),(497,'2023-03-20',187,NULL,50),(498,'2023-03-17',188,NULL,32),(499,'2023-03-20',188,NULL,50),(500,'2023-03-17',189,NULL,32),(501,'2023-03-20',189,NULL,50),(502,'2023-03-17',190,NULL,32),(503,'2023-03-20',190,NULL,50),(504,'2023-03-17',191,NULL,32),(505,'2023-03-20',191,NULL,50),(506,'2023-03-17',192,NULL,32),(507,'2023-03-20',192,NULL,50),(508,'2023-03-17',193,NULL,32),(509,'2023-03-20',193,NULL,50),(510,'2023-03-17',194,NULL,32),(511,'2023-03-20',194,NULL,50),(512,'2023-03-17',195,NULL,32),(513,'2023-03-20',195,NULL,50),(514,'2023-03-17',196,NULL,32),(515,'2023-03-20',196,NULL,50),(516,'2023-03-17',197,NULL,32),(517,'2023-03-20',197,NULL,50),(518,'2023-03-17',198,NULL,32),(519,'2023-03-20',198,NULL,50),(520,'2023-03-17',199,NULL,32),(521,'2023-03-20',199,NULL,50),(522,'2023-03-17',200,NULL,32),(523,'2023-03-20',200,NULL,50),(524,'2023-03-17',201,NULL,32),(525,'2023-03-20',201,NULL,50),(526,'2023-03-17',202,NULL,32),(527,'2023-03-20',202,NULL,50),(528,'2023-03-17',203,NULL,32),(529,'2023-03-20',203,NULL,50),(530,'2023-03-17',204,NULL,32),(531,'2023-03-20',204,NULL,50),(532,'2023-03-17',205,NULL,32),(533,'2023-03-20',205,NULL,50),(534,'2023-03-17',206,NULL,32),(535,'2023-03-20',206,NULL,50),(536,'2023-03-17',207,NULL,32),(537,'2023-03-20',207,NULL,50),(538,'2023-03-17',208,NULL,32),(539,'2023-03-20',208,NULL,50),(540,'2023-03-17',209,NULL,32),(541,'2023-03-20',209,NULL,50),(542,'2023-03-17',210,NULL,32),(543,'2023-03-20',210,NULL,50),(544,'2023-03-17',211,NULL,32),(545,'2023-03-20',211,NULL,50),(546,'2023-03-17',212,NULL,32),(547,'2023-03-20',212,NULL,50),(548,'2023-03-17',213,NULL,32),(549,'2023-03-20',213,NULL,50),(550,'2023-03-17',214,NULL,32),(551,'2023-03-20',214,NULL,50),(552,'2023-03-17',215,NULL,32),(553,'2023-03-20',215,NULL,50),(554,'2023-03-17',216,NULL,32),(555,'2023-03-20',216,NULL,50),(556,'2023-03-17',217,NULL,32),(557,'2023-03-20',217,NULL,50),(558,'2023-03-17',218,NULL,32),(559,'2023-03-20',218,NULL,50),(560,'2023-03-17',219,NULL,32),(561,'2023-03-20',219,NULL,50),(562,'2023-03-17',220,NULL,32),(563,'2023-03-20',220,NULL,50),(564,'2023-03-17',221,NULL,32),(565,'2023-03-20',221,NULL,50),(566,'2023-03-17',222,NULL,32),(567,'2023-03-20',222,NULL,50),(568,'2023-03-17',223,NULL,32),(569,'2023-03-20',223,NULL,50),(570,'2023-03-17',224,NULL,32),(571,'2023-03-20',224,NULL,50),(572,'2023-03-17',225,NULL,32),(573,'2023-03-20',225,NULL,50),(574,'2023-03-17',226,NULL,32),(575,'2023-03-20',226,NULL,50),(576,'2023-03-17',227,NULL,32),(577,'2023-03-20',227,NULL,50),(578,'2023-03-17',228,NULL,32),(579,'2023-03-20',228,NULL,50),(580,'2023-03-17',229,NULL,32),(581,'2023-03-20',229,NULL,50),(582,'2023-03-17',230,NULL,32),(583,'2023-03-20',230,NULL,50),(584,'2023-03-17',231,NULL,32),(585,'2023-03-20',231,NULL,50),(586,'2023-03-17',232,NULL,32),(587,'2023-03-20',232,NULL,50),(588,'2023-03-17',233,NULL,32),(589,'2023-03-20',233,NULL,50),(590,'2023-03-17',234,NULL,32),(591,'2023-03-20',234,NULL,50),(592,'2023-03-17',235,NULL,32),(593,'2023-03-20',235,NULL,50),(594,'2023-03-17',236,NULL,32),(595,'2023-03-20',236,NULL,50),(596,'2023-03-17',237,NULL,32),(597,'2023-03-20',237,NULL,50),(598,'2023-03-17',238,NULL,32),(599,'2023-03-20',238,NULL,50),(600,'2023-03-17',239,NULL,32),(601,'2023-03-20',239,NULL,50),(602,'2023-03-17',240,NULL,32),(603,'2023-03-20',240,NULL,50),(604,'2023-03-17',241,NULL,32),(605,'2023-03-20',241,NULL,50),(606,'2023-03-17',242,NULL,32),(607,'2023-03-20',242,NULL,50),(608,'2023-03-17',243,NULL,32),(609,'2023-03-20',243,NULL,50),(610,'2023-03-17',244,NULL,32),(611,'2023-03-20',244,NULL,50),(612,'2023-03-27',245,NULL,32),(613,'2023-03-29',245,NULL,50),(614,'2023-03-27',246,NULL,32),(615,'2023-04-10',246,NULL,50),(616,'2023-03-29',247,NULL,32),(617,'2023-03-30',247,NULL,50),(618,'2023-03-30',248,NULL,32),(619,'2023-04-03',248,NULL,50),(620,'2023-04-03',249,NULL,32),(621,'2023-04-04',249,NULL,50),(622,'2023-04-17',250,NULL,32),(623,'2023-04-19',250,NULL,50),(624,'2023-04-10',251,NULL,32),(625,'2023-04-24',251,NULL,50),(626,'2023-04-03',252,NULL,32),(627,'2023-04-26',252,NULL,50),(628,'2023-04-03',253,NULL,32),(629,'2023-04-05',253,NULL,50),(630,'2023-03-30',254,NULL,32),(631,'2023-03-31',254,NULL,50),(632,'2023-03-30',255,NULL,32),(633,'2023-03-31',255,NULL,50),(634,'2023-03-30',256,NULL,32),(635,'2023-03-31',256,NULL,50),(636,'2023-03-30',257,NULL,32),(637,'2023-03-31',257,NULL,50),(638,'2023-03-28',258,NULL,32),(639,'2023-03-30',258,NULL,50),(640,'2023-03-30',259,NULL,32),(641,'2023-03-31',259,NULL,50),(642,'2023-03-28',260,NULL,32),(643,'2023-03-30',260,NULL,50),(644,'2023-04-03',261,NULL,32),(645,'2023-04-07',261,NULL,50),(646,'2023-04-01',262,NULL,1),(647,'2023-04-02',262,NULL,2),(648,'2023-04-03',262,NULL,3),(649,'2023-04-04',262,NULL,4),(650,'2023-04-05',262,NULL,5),(651,'2023-04-06',262,NULL,6),(652,'2023-04-07',262,NULL,7),(653,'2023-04-08',262,NULL,8),(654,'2023-04-09',262,NULL,9),(655,'2023-04-10',262,NULL,10),(656,'2023-04-11',262,NULL,11),(657,'2023-04-12',262,NULL,12),(658,'2023-04-13',262,NULL,13),(659,'2023-04-14',262,NULL,14),(660,'2023-04-15',262,NULL,15),(661,'2023-04-16',262,NULL,16),(662,'2023-04-17',262,NULL,17),(663,'2023-04-18',262,NULL,18),(664,'2023-04-19',262,NULL,19),(665,'2023-04-20',262,NULL,20),(666,'2023-04-21',262,NULL,21),(667,'2023-04-22',262,NULL,22),(668,'2023-04-23',262,NULL,23),(669,'2023-04-24',262,NULL,24),(670,'2023-04-25',262,NULL,25),(671,'2023-04-26',262,NULL,26),(672,'2023-04-27',262,NULL,27),(673,'2023-04-28',262,NULL,28),(674,'2023-04-29',262,NULL,29),(675,'2023-04-30',262,NULL,30),(676,'2023-04-01',263,NULL,1),(677,'2023-04-02',263,NULL,2),(678,'2023-04-03',263,NULL,3),(679,'2023-04-04',263,NULL,4),(680,'2023-04-05',263,NULL,5),(681,'2023-04-06',263,NULL,6),(682,'2023-04-07',263,NULL,7),(683,'2023-04-08',263,NULL,8),(684,'2023-04-09',263,NULL,9),(685,'2023-04-10',263,NULL,10),(686,'2023-04-11',263,NULL,11),(687,'2023-04-12',263,NULL,12),(688,'2023-04-13',263,NULL,13),(689,'2023-04-14',263,NULL,14),(690,'2023-04-15',263,NULL,15),(691,'2023-04-16',263,NULL,16),(692,'2023-04-17',263,NULL,17),(693,'2023-04-18',263,NULL,18),(694,'2023-04-19',263,NULL,19),(695,'2023-04-20',263,NULL,20),(696,'2023-04-21',263,NULL,21),(697,'2023-04-22',263,NULL,22),(698,'2023-04-23',263,NULL,23),(699,'2023-04-24',263,NULL,24),(700,'2023-04-25',263,NULL,25),(701,'2023-04-26',263,NULL,26),(702,'2023-04-27',263,NULL,27),(703,'2023-04-28',263,NULL,28),(704,'2023-04-29',263,NULL,29),(705,'2023-04-30',263,NULL,30),(706,'2023-04-02',264,NULL,32),(707,'2023-04-05',264,NULL,50),(708,'2023-06-04',265,NULL,32),(709,'2023-06-06',265,NULL,50),(710,'2023-06-04',266,NULL,32),(711,'2023-06-06',266,NULL,50),(712,'2023-06-04',267,NULL,32),(713,'2023-06-06',267,NULL,50),(714,'2023-06-04',268,NULL,32),(715,'2023-06-06',268,NULL,50),(716,'2023-06-04',269,NULL,32),(717,'2023-06-06',269,NULL,50),(718,'2023-06-04',270,NULL,32),(719,'2023-06-06',270,NULL,50),(720,'2023-06-04',271,NULL,32),(721,'2023-06-06',271,NULL,50),(722,'2023-06-04',272,NULL,32),(723,'2023-06-06',272,NULL,50),(724,'2023-06-04',273,NULL,32),(725,'2023-06-06',273,NULL,50),(726,'2023-06-04',274,NULL,32),(727,'2023-06-06',274,NULL,50),(728,'2023-06-04',275,NULL,32),(729,'2023-06-06',275,NULL,50),(730,'2023-04-17',276,NULL,32),(731,'2023-04-30',276,NULL,50),(732,'2023-04-24',277,NULL,32),(733,'2023-04-30',277,NULL,50),(734,'2023-04-11',278,NULL,32),(735,'2023-04-13',278,NULL,50),(736,'2023-04-24',279,NULL,32),(737,'2023-04-30',279,NULL,50),(738,'2023-04-24',280,NULL,32),(739,'2023-04-25',280,NULL,50),(740,'2023-04-17',281,NULL,32),(741,'2023-04-19',281,NULL,50),(742,'2023-04-26',282,NULL,32),(743,'2023-04-27',282,NULL,50),(744,'2023-04-11',283,NULL,32),(745,'2023-04-13',283,NULL,50),(746,'2023-04-16',284,NULL,32),(747,'2023-04-18',284,NULL,50),(748,'2023-03-30',285,NULL,32),(749,'2023-04-16',285,NULL,50),(750,'2023-03-31',286,NULL,32),(751,'2023-04-02',286,NULL,50),(752,'2023-03-28',287,NULL,32),(753,'2023-04-30',287,NULL,50),(754,'2023-03-28',288,NULL,32),(755,'2023-04-30',288,NULL,50),(756,'2023-03-27',289,NULL,32),(757,'2023-03-31',289,NULL,50),(758,'2023-03-27',290,NULL,32),(759,'2023-03-31',290,NULL,50),(760,'2023-03-27',291,NULL,32),(761,'2023-03-31',291,NULL,50),(762,'2023-04-23',292,NULL,32),(763,'2023-04-24',292,NULL,50),(764,'2023-03-28',293,NULL,32),(765,'2023-03-29',293,NULL,50),(766,'2023-04-02',294,NULL,32),(767,'2023-04-19',294,NULL,50),(768,'2023-03-27',295,NULL,32),(769,'2023-03-31',295,NULL,50),(770,'2023-03-27',296,NULL,32),(771,'2023-03-31',296,NULL,50),(772,'2023-03-27',297,NULL,32),(773,'2023-03-31',297,NULL,50),(774,'2023-03-27',298,NULL,32),(775,'2023-04-19',298,NULL,50),(776,'2023-05-13',299,NULL,32),(777,'2023-05-18',299,NULL,50),(778,'2023-06-26',300,NULL,32),(779,'2023-06-27',300,NULL,50),(780,'2023-05-29',301,NULL,32),(781,'2023-05-30',301,NULL,50),(782,'2023-06-04',302,NULL,32),(783,'2023-06-05',302,NULL,50),(784,'2023-05-11',303,NULL,32),(785,'2023-05-12',303,NULL,50),(786,'2023-03-27',304,NULL,32),(787,'2023-03-28',304,NULL,50),(788,'2023-04-13',305,NULL,32),(789,'2023-04-14',305,NULL,50),(790,'2023-04-18',306,NULL,32),(791,'2023-04-19',306,NULL,50),(792,'2023-04-16',307,NULL,32),(793,'2023-04-17',307,NULL,50),(794,'2023-04-12',308,NULL,36),(795,'2023-04-13',308,NULL,32),(796,'2023-04-16',308,NULL,50),(797,'2023-04-18',308,NULL,31),(798,'2023-03-28',309,NULL,32),(799,'2023-03-29',309,NULL,50),(800,'2023-03-29',310,NULL,32),(801,'2023-08-21',310,NULL,50),(802,'2023-03-27',311,NULL,32),(803,'2023-03-28',311,NULL,50),(804,'2023-04-24',312,NULL,32),(805,'2023-04-25',312,NULL,50),(806,'2023-03-30',313,NULL,32),(807,'2023-04-02',313,NULL,50),(808,'2023-07-13',314,NULL,32),(809,'2023-07-14',314,NULL,50),(810,'2023-03-27',315,NULL,32),(811,'2023-03-28',315,NULL,50),(812,'2023-04-25',316,NULL,32),(813,'2023-04-26',316,NULL,50),(814,'2023-03-27',317,NULL,32),(815,'2023-03-28',317,NULL,50),(816,'2023-04-16',318,NULL,32),(817,'2023-04-17',318,NULL,50),(818,'2023-04-10',319,NULL,32),(819,'2023-04-11',319,NULL,50),(820,'2023-03-28',320,NULL,32),(821,'2023-03-29',320,NULL,50),(822,'2023-03-28',321,NULL,32),(823,'2023-03-29',321,NULL,50),(824,'2023-03-28',322,NULL,32),(825,'2023-03-29',322,NULL,50),(826,'2023-03-29',323,NULL,32),(827,'2023-03-30',323,NULL,50),(828,'2023-03-28',324,NULL,32),(829,'2023-03-29',324,NULL,50),(830,'2023-04-24',325,NULL,32),(831,'2023-04-25',325,NULL,50);
/*!40000 ALTER TABLE `class_schedules` ENABLE KEYS */;
UNLOCK TABLES;

--
-- Table structure for table `classes`
--

DROP TABLE IF EXISTS `classes`;
/*!40101 SET @saved_cs_client     = @@character_set_client */;
/*!50503 SET character_set_client = utf8mb4 */;
CREATE TABLE `classes` (
  `id` bigint NOT NULL AUTO_INCREMENT,
  `created_at` datetime(6) DEFAULT NULL,
  `last_modified_at` datetime(6) DEFAULT NULL,
  `code` varchar(50) NOT NULL,
  `duration` int DEFAULT NULL,
  `name` varchar(50) NOT NULL,
  `created_by` bigint DEFAULT NULL,
  `last_modified_by` bigint DEFAULT NULL,
  `program_id` bigint DEFAULT NULL,
  PRIMARY KEY (`id`),
  UNIQUE KEY `UK_ivcaxrbwnp0dosg2gj4i3sxpq` (`code`),
  KEY `FKbiegjf3djr7vcre1jxun3lbhh` (`created_by`),
  KEY `FKd9jxhyf732e1o7ayctf7yuugp` (`last_modified_by`),
  KEY `FKthmk4awc7ft3lg8ud2behicfs` (`program_id`),
  CONSTRAINT `FKbiegjf3djr7vcre1jxun3lbhh` FOREIGN KEY (`created_by`) REFERENCES `users` (`id`),
  CONSTRAINT `FKd9jxhyf732e1o7ayctf7yuugp` FOREIGN KEY (`last_modified_by`) REFERENCES `users` (`id`),
  CONSTRAINT `FKthmk4awc7ft3lg8ud2behicfs` FOREIGN KEY (`program_id`) REFERENCES `programs` (`id`)
) ENGINE=InnoDB AUTO_INCREMENT=327 DEFAULT CHARSET=utf8mb4 COLLATE=utf8mb4_0900_ai_ci;
/*!40101 SET character_set_client = @saved_cs_client */;

--
-- Dumping data for table `classes`
--

LOCK TABLES `classes` WRITE;
/*!40000 ALTER TABLE `classes` DISABLE KEYS */;
INSERT INTO `classes` VALUES (1,'2023-03-15 09:43:08.075211','2023-03-15 09:43:08.124212','HCM23_FR_Fresher_2',2,'Fresher Develop Operation',2,2,37),(2,'2023-03-16 06:08:21.281644','2023-03-16 06:08:21.378728','HCM23_FR_Fresher_3',2,'Fresher Develop Operation',3,3,37),(4,'2023-03-17 07:09:03.076063','2023-03-17 07:09:03.223176','HCM23_IN_Class_4',5,'Class test',3,3,3),(5,'2023-03-17 07:19:39.628394','2023-03-17 07:19:39.667104','HCM23_IN_Class_5',5,'Class test',3,3,3),(6,'2023-03-17 07:19:59.649424','2023-03-17 07:19:59.675787','HCM23_IN_Class_6',5,'Class test',3,3,3),(7,'2023-03-17 07:20:14.836201','2023-03-17 07:20:14.856825','HCM23_IN_Class_7',5,'Class test',3,3,3),(8,'2023-03-17 07:20:16.396519','2023-03-17 07:20:16.417882','HCM23_IN_Class_8',5,'Class test',3,3,3),(9,'2023-03-17 07:20:17.480534','2023-03-17 07:20:17.503769','HCM23_IN_Class_9',5,'Class test',3,3,3),(10,'2023-03-17 07:20:18.660168','2023-03-17 07:20:18.684681','HCM23_IN_Class_10',5,'Class test',3,3,3),(11,'2023-03-17 07:20:19.814852','2023-03-17 07:20:19.838569','HCM23_IN_Class_11',5,'Class test',3,3,3),(12,'2023-03-17 07:20:20.865597','2023-03-17 07:20:20.889976','HCM23_IN_Class_12',5,'Class test',3,3,3),(13,'2023-03-17 07:23:25.070454','2023-03-17 07:23:25.097402','HCM23_IN_Class_13',5,'Class test',3,3,3),(14,'2023-03-17 07:23:25.962672','2023-03-17 07:23:25.986659','HCM23_IN_Class_14',5,'Class test',3,3,3),(15,'2023-03-17 07:23:27.011855','2023-03-17 07:23:27.030298','HCM23_IN_Class_15',5,'Class test',3,3,3),(16,'2023-03-17 07:23:27.991614','2023-03-17 07:23:28.012141','HCM23_IN_Class_16',5,'Class test',3,3,3),(17,'2023-03-17 07:23:28.970416','2023-03-17 07:23:28.990530','HCM23_IN_Class_17',5,'Class test',3,3,3),(18,'2023-03-17 07:23:29.884092','2023-03-17 07:23:29.913325','HCM23_IN_Class_18',5,'Class test',3,3,3),(19,'2023-03-17 07:23:30.750449','2023-03-17 07:23:30.773802','HCM23_IN_Class_19',5,'Class test',3,3,3),(20,'2023-03-17 07:23:32.100206','2023-03-17 07:23:32.116997','HCM23_IN_Class_20',5,'Class test',3,3,3),(21,'2023-03-17 07:23:33.070887','2023-03-17 07:23:33.094561','HCM23_IN_Class_21',5,'Class test',3,3,3),(22,'2023-03-17 07:23:34.025496','2023-03-17 07:23:34.046429','HCM23_IN_Class_22',5,'Class test',3,3,3),(23,'2023-03-17 07:23:38.795648','2023-03-17 07:23:38.813618','HCM23_IN_Class_23',5,'Class test',3,3,3),(24,'2023-03-17 07:23:40.028921','2023-03-17 07:23:40.057603','HCM23_IN_Class_24',5,'Class test',3,3,3),(25,'2023-03-17 07:23:41.384860','2023-03-17 07:23:41.404938','HCM23_IN_Class_25',5,'Class test',3,3,3),(26,'2023-03-17 07:23:42.284405','2023-03-17 07:23:42.300463','HCM23_IN_Class_26',5,'Class test',3,3,3),(27,'2023-03-17 07:23:44.061419','2023-03-17 07:23:44.086207','HCM23_IN_Class_27',5,'Class test',3,3,3),(28,'2023-03-17 07:23:45.480338','2023-03-17 07:23:45.497692','HCM23_IN_Class_28',5,'Class test',3,3,3),(29,'2023-03-17 07:23:46.467355','2023-03-17 07:23:46.492292','HCM23_IN_Class_29',5,'Class test',3,3,3),(30,'2023-03-17 07:23:47.568321','2023-03-17 07:23:47.584724','HCM23_IN_Class_30',5,'Class test',3,3,3),(31,'2023-03-17 07:23:48.636163','2023-03-17 07:23:48.655484','HCM23_IN_Class_31',5,'Class test',3,3,3),(32,'2023-03-17 07:27:33.101659','2023-03-17 07:27:33.119013','HCM23_IN_Class_32',5,'Class test',3,3,3),(33,'2023-03-17 07:27:41.189810','2023-03-17 07:27:41.212669','HCM23_IN_Class_33',5,'Class test',3,3,3),(34,'2023-03-17 07:27:47.604951','2023-03-17 07:27:47.627009','HCM23_IN_Class_34',5,'Class test',3,3,3),(35,'2023-03-17 07:27:49.182718','2023-03-17 07:27:49.201384','HCM23_IN_Class_35',5,'Class test',3,3,3),(36,'2023-03-17 07:27:50.597071','2023-03-17 07:27:50.618598','HCM23_IN_Class_36',5,'Class test',3,3,3),(37,'2023-03-17 09:01:23.312676','2023-03-17 09:01:23.490766','HCM23_IN_Class_37',5,'Class test',3,3,3),(38,'2023-03-17 09:02:48.502389','2023-03-17 09:02:48.535896','HCM23_FR_Class_38',5,'Class test1',3,3,3),(39,'2023-03-17 10:00:49.925819','2023-03-17 10:00:50.106744','HCM23_IN_Class_39',5,'Class test',3,3,3),(40,'2023-03-23 06:27:11.610169','2023-03-23 06:27:11.690868','HCM23_IN_Class_40',5,'Class test',3,3,3),(41,'2023-03-23 06:27:30.339726','2023-03-23 06:27:30.370659','HCM23_IN_abcsjadw_41',5,'abcsjadw',3,3,3),(42,'2023-03-23 06:29:32.293241','2023-03-23 06:29:32.315773','HCM23_IN_quanhoho_42',5,'quanhoho',3,3,3),(43,'2023-03-23 06:31:29.565298','2023-03-23 06:31:29.590063','HCM23_IN_asd_43',5,'asd',3,3,3),(44,'2023-03-23 09:40:46.763787','2023-03-23 09:40:46.947302','HCM23_IN_Class_44',5,'Class test',3,3,3),(45,'2023-03-23 09:46:49.644993','2023-03-23 09:46:49.668647','HCM23_IN_Class_45',2,'Class test37',3,3,37),(46,'2023-03-23 09:48:12.145950','2023-03-23 09:48:12.166141','HCM23_IN_asdasd_46',2,'asdasd',3,3,37),(47,'2023-03-23 09:57:57.322722','2023-03-23 09:57:57.342076','HCM23_IN_123444_47',2,'123444',3,3,37),(48,'2023-03-23 11:04:30.727606','2023-03-23 11:04:30.755182','HCM23_IN_123222_48',2,'123222',3,3,37),(49,'2023-03-23 11:07:59.651491','2023-03-23 11:07:59.664647','HCM23_IN_asdddd_49',2,'asdddd',3,3,37),(50,'2023-03-23 11:18:24.321865','2023-03-23 11:18:24.347857','HCM23_IN_Class_50',2,'Class testAAA',3,3,37),(51,'2023-03-23 11:19:47.404954','2023-03-23 11:19:47.419454','HCM23_IN_123_51',2,'123',3,3,37),(52,'2023-03-23 11:19:47.441810','2023-03-23 11:19:47.453926','HCM23_IN_123_52',2,'123',3,3,37),(53,'2023-03-23 11:23:00.797947','2023-03-23 11:23:00.806707','HCM23_IN_12312312312312312312_53',2,'12312312312312312312',3,3,37),(54,'2023-03-23 11:23:00.840118','2023-03-23 11:23:00.852399','HCM23_IN_12312312312312312312_54',2,'12312312312312312312',3,3,37),(55,'2023-03-23 11:26:36.486039','2023-03-23 11:26:36.501983','HCM23_IN_123_55',2,'123',3,3,37),(56,'2023-03-23 11:29:33.037067','2023-03-23 11:29:33.095735','HCM23_IN_asd_56',2,'asd',3,3,37),(57,'2023-03-23 11:29:58.119995','2023-03-23 11:29:58.155380','HCM23_IN_mnbv_57',2,'mnbv',3,3,37),(58,'2023-03-23 11:30:45.635210','2023-03-23 11:30:45.665730','HCM23_IN_abcsd_58',2,'abcsd',3,3,37),(59,'2023-03-23 11:31:13.457754','2023-03-23 11:31:13.493009','HCM23_IN_123_59',2,'123',3,3,37),(60,'2023-03-23 11:32:04.956242','2023-03-23 11:32:04.983678','HCM23_IN_asd_60',2,'asd',3,3,37),(61,'2023-03-23 11:32:13.773935','2023-03-23 11:32:13.807553','HCM23_IN_vbvbv_61',2,'vbvbv',3,3,37),(62,'2023-03-23 11:32:41.523297','2023-03-23 11:32:41.558492','HCM23_IN_ccccc_62',2,'ccccc',3,3,37),(63,'2023-03-23 11:33:03.083134','2023-03-23 11:33:03.103369','HCM23_IN_asdaaaa_63',2,'asdaaaa',3,3,37),(64,'2023-03-23 11:38:30.285233','2023-03-23 11:38:30.305904','HCM23_IN_asdccc_64',2,'asdccc',3,3,37),(65,'2023-03-23 11:38:51.146215','2023-03-23 11:38:51.158695','HCM23_IN_ascxas_65',2,'ascxas',3,3,37),(66,'2023-03-23 11:39:32.530750','2023-03-23 11:39:32.543969','HCM23_IN_asd_66',2,'asd',3,3,37),(67,'2023-03-23 11:41:16.489036','2023-03-23 11:41:16.500285','HCM23_IN_bbb_67',2,'bbb',3,3,37),(68,'2023-03-23 11:41:51.190992','2023-03-23 11:41:51.361946','HCM23_IN_nvcd_68',2,'nvcd',3,3,37),(69,'2023-03-23 11:42:35.672307','2023-03-23 11:42:35.703712','HCM23_IN_bvad_69',2,'bvad',3,3,37),(70,'2023-03-23 11:42:59.846250','2023-03-23 11:42:59.892773','HCM23_IN_fvfv_70',2,'fvfv',3,3,37),(71,'2023-03-23 11:43:13.982438','2023-03-23 11:43:14.008084','HCM23_IN_asdaaa_71',2,'asdaaa',3,3,37),(72,'2023-03-23 11:44:54.978803','2023-03-23 11:44:55.000235','HCM23_IN_avvv_72',2,'avvv',3,3,37),(73,'2023-03-23 11:46:20.610326','2023-03-23 11:46:20.623013','HCM23_IN_vcvc_73',2,'vcvc',3,3,37),(74,'2023-03-23 11:47:46.604680','2023-03-23 11:47:46.621632','HCM23_IN_bvc_74',2,'bvc',3,3,37),(75,'2023-03-23 11:48:12.995073','2023-03-23 11:48:13.014744','HCM23_IN_css_75',2,'css',3,3,37),(76,'2023-03-23 11:48:46.102759','2023-03-23 11:48:46.117763','HCM23_IN_vfr_76',2,'vfr',3,3,37),(77,'2023-03-23 11:49:45.915004','2023-03-23 11:49:45.925761','HCM23_IN_vvv_77',2,'vvv',3,3,37),(78,'2023-03-23 11:50:07.515657','2023-03-23 11:50:07.534362','HCM23_IN_bbb_78',2,'bbb',3,3,37),(79,'2023-03-23 11:51:52.106271','2023-03-23 11:51:52.453652','HCM23_IN_vcdd_79',2,'vcdd',3,3,37),(80,'2023-03-23 11:55:10.977516','2023-03-23 11:55:11.010244','HCM23_IN_asd_80',2,'asd',3,3,37),(81,'2023-03-23 16:23:40.282507','2023-03-23 16:23:40.535130','HCM23_IN_153_81',2,'153',3,3,37),(82,'2023-03-23 16:35:57.961632','2023-03-23 16:35:58.114469','HCM23_IN_bbbb_82',2,'bbbb',3,3,37),(83,'2023-03-23 17:01:54.239901','2023-03-23 17:01:54.492327','HCM23_IN_asd_83',2,'asd',3,3,37),(84,'2023-03-23 17:02:52.813277','2023-03-23 17:02:53.021520','HCM23_IN_avasv_84',2,'avasv',3,3,37),(85,'2023-03-23 17:07:16.138172','2023-03-23 17:07:16.176127','HCM23_IN_asdads_85',2,'asdads',3,3,37),(86,'2023-03-23 17:13:35.658905','2023-03-23 17:13:35.841747','HCM23_IN_fvvv_86',2,'fvvv',3,3,37),(87,'2023-03-23 17:14:57.141994','2023-03-23 17:14:57.166277','HCM23_IN_ddd_87',2,'ddd',3,3,37),(88,'2023-03-23 17:15:14.781220','2023-03-23 17:15:14.798909','HCM23_IN_bvvv_88',2,'bvvv',3,3,37),(89,'2023-03-23 17:18:12.226288','2023-03-23 17:18:12.263978','HCM23_IN_vasvasv_89',2,'vasvasv',3,3,37),(90,'2023-03-23 17:18:51.040703','2023-03-23 17:18:51.053436','HCM23_IN_mkdvd_90',2,'mkdvd',3,3,37),(91,'2023-03-23 17:24:56.221417','2023-03-23 17:24:56.430237','HCM23_IN_bbb_91',2,'bbb',3,3,37),(92,'2023-03-23 17:31:29.669866','2023-03-23 17:31:29.684680','HCM23_IN_asd_92',2,'asd',3,3,37),(93,'2023-03-23 17:47:18.963386','2023-03-23 17:47:19.163240','HCM23_IN_adsad_93',2,'adsad',3,3,37),(94,'2023-03-23 17:51:15.148967','2023-03-23 17:51:15.163704','HCM23_IN_asda_94',2,'asda',3,3,37),(95,'2023-03-23 17:58:15.292136','2023-03-23 17:58:15.421280','HCM23_IN_adsasd_95',2,'adsasd',3,3,37),(96,'2023-03-23 18:03:12.612084','2023-03-23 18:03:12.628772','HCM23_IN_asd_96',2,'asd',3,3,37),(97,'2023-03-23 18:06:34.181703','2023-03-23 18:06:34.199081','HCM23_IN_asdasd_97',2,'asdasd',3,3,37),(98,'2023-03-23 18:10:34.981370','2023-03-23 18:10:35.003539','HCM23_IN_aasd_98',2,'aasd',3,3,37),(99,'2023-03-23 18:18:49.798591','2023-03-23 18:18:49.809601','HCM23_IN_asds_99',2,'asds',3,3,37),(100,'2023-03-23 18:20:28.578428','2023-03-23 18:20:28.590434','HCM23_IN_fe_100',2,'fe',3,3,37),(101,'2023-03-23 18:25:33.900091','2023-03-23 18:25:33.917426','HCM23_IN_av_101',2,'av',3,3,37),(102,'2023-03-23 18:27:47.778234','2023-03-23 18:27:47.787023','HCM23_IN_sdasd_102',2,'sdasd',3,3,37),(103,'2023-03-23 18:28:27.777487','2023-03-23 18:28:27.791219','HCM23_IN_asdsad_103',2,'asdsad',3,3,37),(104,'2023-03-23 18:31:32.111898','2023-03-23 18:31:32.139954','HCM23_IN_asd_104',2,'asd',3,3,37),(105,'2023-03-23 18:36:44.556018','2023-03-23 18:36:44.565658','HCM23_IN_hjgjg_105',2,'hjgjg',3,3,37),(106,'2023-03-23 18:37:45.366250','2023-03-23 18:37:45.386309','HCM23_IN_hgh_106',2,'hgh',3,3,37),(107,'2023-03-23 18:38:11.608270','2023-03-23 18:38:11.625430','HCM23_IN_nhn_107',2,'nhn',3,3,37),(108,'2023-03-23 18:40:54.150565','2023-03-23 18:40:54.166141','HCM23_IN_asdasd_108',2,'asdasd',3,3,37),(109,'2023-03-23 18:47:14.647671','2023-03-23 18:47:14.669318','HCM23_IN_asdsad_109',2,'asdsad',3,3,37),(110,'2023-03-23 18:52:10.444546','2023-03-23 18:52:10.456752','HCM23_IN_asd_110',2,'asd',3,3,37),(111,'2023-03-23 18:53:13.419379','2023-03-23 18:53:13.434233','HCM23_IN_asdsad_111',2,'asdsad',3,3,37),(112,'2023-03-23 18:58:55.110869','2023-03-23 18:58:55.123913','HCM23_IN_asdasd_112',2,'asdasd',3,3,37),(113,'2023-03-23 18:59:34.983269','2023-03-23 19:11:37.070833','HCM23_IN_asasdd_113',2,'asasdd',3,3,37),(114,'2023-03-23 19:03:33.596862','2023-03-23 19:03:33.606522','HCM23_IN_asdasd_114',2,'asdasd',3,3,37),(115,'2023-03-23 19:04:52.529529','2023-03-23 19:04:52.548671','HCM23_IN_mn_115',2,'mn',3,3,37),(116,'2023-03-23 19:07:04.858352','2023-03-23 19:07:04.877359','HCM23_IN_asdasd_116',2,'asdasd',3,3,37),(117,'2023-03-23 19:16:47.376010','2023-03-23 19:16:47.392263','HCM23_IN_adasd_117',2,'adasd',3,3,37),(118,'2023-03-23 19:18:41.430422','2023-03-23 19:18:41.446096','HCM23_IN_asd_118',2,'asd',3,3,37),(119,'2023-03-24 02:15:38.961428','2023-03-24 02:15:39.166244','HCM23_IN_asdasd_119',2,'asdasd',3,3,37),(120,'2023-03-24 02:16:45.659500','2023-03-24 02:16:45.672415','HCM23_IN_ankad_120',2,'ankad',3,3,37),(121,'2023-03-24 02:36:19.068186','2023-03-24 02:36:19.254487','HCM23_IN_asdasd_121',2,'asdasd',3,3,37),(122,'2023-03-24 02:45:10.977669','2023-03-24 02:45:10.996687','HCM23_IN_bbbbbb_122',2,'bbbbbb',3,3,37),(123,'2023-03-24 02:54:34.014843','2023-03-24 02:54:34.196290','HCM23_IN_bascas_123',2,'bascas',3,3,37),(124,'2023-03-24 02:57:44.188970','2023-03-24 02:57:44.206003','HCM23_IN_class123_124',2,'class123',3,3,37),(125,'2023-03-24 03:09:50.093787','2023-03-24 03:09:50.102543','HCM23_IN_bdfbf_125',2,'bdfbf',3,3,37),(126,'2023-03-24 03:14:19.704606','2023-03-24 03:14:19.722019','HCM23_IN_qwe_126',2,'qwe',3,3,37),(127,'2023-03-24 03:15:47.692323','2023-03-24 03:15:47.703066','HCM23_IN_asdasd_127',2,'asdasd',3,3,37),(128,'2023-03-24 03:22:23.465445','2023-03-24 03:22:23.481271','HCM23_IN_sad_128',2,'sad',3,3,37),(129,'2023-03-24 03:31:20.531762','2023-03-24 03:31:20.547839','HCM23_IN_asdasd_129',2,'asdasd',3,3,37),(130,'2023-03-24 03:41:19.758796','2023-03-24 03:41:19.821611','HCM23_IN_asd_130',2,'asd',3,3,37),(131,'2023-03-24 03:42:00.582512','2023-03-24 03:42:00.619604','HCM23_IN_asv_131',2,'asv',3,3,37),(132,'2023-03-24 03:42:42.164803','2023-03-24 03:42:42.180451','HCM23_IN_ncvn_132',2,'ncvn',3,3,37),(133,'2023-03-24 03:51:33.111471','2023-03-24 03:51:33.128004','HCM23_IN_vadvd_133',2,'vadvd',3,3,37),(134,'2023-03-24 03:52:40.364013','2023-03-24 03:52:40.556581','HCM23_IN_vddvd_134',2,'vddvd',3,3,37),(135,'2023-03-24 03:57:15.244529','2023-03-24 03:57:15.367166','HCM23_IN_casc_135',2,'casc',3,3,37),(136,'2023-03-24 04:06:00.831159','2023-03-24 04:06:01.031592','HCM23_IN_vvv_136',2,'vvv',3,3,37),(137,'2023-03-24 04:06:44.228227','2023-03-24 04:06:44.260216','HCM23_IN_cc_137',2,'cc',3,3,37),(138,'2023-03-24 04:06:57.275755','2023-03-24 04:06:57.286546','HCM23_IN_ccasda_138',2,'ccasda',3,3,37),(139,'2023-03-24 04:15:07.711707','2023-03-24 04:15:07.986693','HCM23_IN_cccSDSDAFGQAHG_139',2,'cccSDSDAFGQAHG',3,3,37),(140,'2023-03-24 05:05:06.529252','2023-03-24 05:05:06.788219','HCM23_IN_vd_140',2,'vd',3,3,37),(141,'2023-03-24 05:11:12.884283','2023-03-24 05:11:12.915188','HCM23_IN_vsc_141',2,'vsc',3,3,37),(142,'2023-03-24 05:14:34.643172','2023-03-24 05:14:34.733610','HCM23_IN_bb_142',2,'bb',3,3,37),(143,'2023-03-24 05:40:49.958229','2023-03-24 05:40:49.974101','HCM23_IN_ccas_143',2,'ccas',3,3,37),(144,'2023-03-24 05:41:07.511178','2023-03-24 05:41:07.540814','HCM23_IN_axaxa_144',2,'axaxa',3,3,37),(145,'2023-03-24 05:59:35.387843','2023-03-24 05:59:35.599348','HCM23_IN_csac_145',2,'csac',3,3,37),(146,'2023-03-24 06:30:58.165639','2023-03-24 06:30:58.310779','HCM23_IN_asc_146',2,'asc',3,3,37),(147,'2023-03-24 06:35:54.072937','2023-03-24 06:35:54.094247','HCM23_IN_ccc_147',2,'ccc',3,3,37),(148,'2023-03-24 06:45:23.433875','2023-03-24 06:45:23.449951','HCM23_IN_cascasc_148',2,'cascasc',3,3,37),(149,'2023-03-24 06:53:48.413701','2023-03-24 06:53:48.569731','HCM23_IN_asd_149',2,'asd',3,3,37),(150,'2023-03-24 06:58:52.604294','2023-03-24 06:58:52.635795','HCM23_IN_mfmf_150',2,'mfmf',3,3,37),(151,'2023-03-24 07:07:01.141439','2023-03-24 07:07:01.183363','HCM23_IN_casc_151',2,'casc',3,3,37),(152,'2023-03-24 07:07:14.851110','2023-03-24 07:07:15.037341','HCM23_IN_ccas_152',2,'ccas',3,3,37),(153,'2023-03-24 07:07:57.660230','2023-03-24 07:07:57.677873','HCM23_IN_hj,ty_153',2,'hj,ty',3,3,37),(154,'2023-03-24 07:35:53.239562','2023-03-24 07:35:53.440661','HCM23_IN_bavas_154',2,'bavas',3,3,37),(155,'2023-03-24 07:41:06.843697','2023-03-24 07:41:06.860548','HCM23_IN_casas_155',2,'casas',3,3,37),(156,'2023-03-24 07:41:51.066911','2023-03-24 07:41:51.085371','HCM23_IN_cccasaas_156',2,'cccasaas',3,3,37),(157,'2023-03-24 07:43:31.469018','2023-03-24 07:43:31.485624','HCM23_IN_123asdcccc_157',2,'123asdcccc',3,3,37),(158,'2023-03-24 07:45:14.882513','2023-03-24 07:45:14.901637','HCM23_IN_ccaasd11_158',2,'ccaasd11',3,3,37),(159,'2023-03-24 07:54:34.168758','2023-03-24 07:54:34.186915','HCM23_IN_casas_159',2,'casas',3,3,37),(160,'2023-03-24 07:55:18.917636','2023-03-24 07:55:18.931408','HCM23_IN_asd_160',2,'asd',3,3,37),(161,'2023-03-24 07:56:33.791642','2023-03-24 07:56:33.804131','HCM23_IN_asd_161',2,'asd',3,3,37),(162,'2023-03-24 07:56:38.353794','2023-03-24 07:56:38.369305','HCM23_IN_vvvass_162',2,'vvvass',3,3,37),(163,'2023-03-24 07:57:12.992789','2023-03-24 07:57:13.011454','HCM23_IN_vvvawqwe_163',2,'vvvawqwe',3,3,37),(164,'2023-03-24 08:00:32.132016','2023-03-24 08:00:32.143239','HCM23_IN_nqwrqwr_164',2,'nqwrqwr',3,3,37),(165,'2023-03-24 08:05:18.967983','2023-03-24 08:05:19.158123','HCM23_IN_mkawd_165',2,'mkawd',3,3,37),(166,'2023-03-24 08:13:05.552585','2023-03-24 08:13:05.561742','HCM23_IN_jnrgjrgnsggenseg_166',2,'jnrgjrgnsggenseg',3,3,37),(167,'2023-03-24 08:17:40.343792','2023-03-24 08:17:40.542216','HCM23_IN_asdasd_167',2,'asdasd',3,3,37),(168,'2023-03-24 08:19:09.972710','2023-03-24 08:19:10.250235','HCM23_IN_asdasdsad_168',2,'asdasdsad',3,3,37),(169,'2023-03-24 08:26:37.657026','2023-03-24 08:26:37.676421','HCM23_IN_sdasdasd_169',2,'sdasdasd',3,3,37),(170,'2023-03-24 08:27:30.508116','2023-03-24 08:27:30.534761','HCM23_IN_avassa_170',2,'avassa',3,3,37),(171,'2023-03-24 08:28:02.770531','2023-03-24 08:28:02.791495','HCM23_IN_nerrnrenerhr_171',2,'nerrnrenerhr',3,3,37),(172,'2023-03-24 08:28:57.437147','2023-03-24 08:28:57.456461','HCM23_IN_awbdjawd_172',2,'awbdjawd',3,3,37),(173,'2023-03-24 08:30:35.715154','2023-03-24 08:30:35.757103','HCM23_IN_fwefwefwef_173',2,'fwefwefwef',3,3,37),(174,'2023-03-24 08:30:54.941936','2023-03-24 08:30:54.963237','HCM23_IN_ccc_174',2,'ccc',3,3,37),(175,'2023-03-24 08:31:29.782181','2023-03-24 08:31:29.827161','HCM23_IN_b_175',2,'b',3,3,37),(176,'2023-03-24 08:33:41.571786','2023-03-24 08:33:41.594305','HCM23_IN_nnnn_176',2,'nnnn',3,3,37),(177,'2023-03-24 08:34:21.011267','2023-03-24 08:34:21.174619','HCM23_IN_cccasd_177',2,'cccasd',3,3,37),(178,'2023-03-24 08:34:43.644636','2023-03-24 08:34:43.662050','HCM23_IN_asd_178',2,'asd',3,3,37),(179,'2023-03-24 08:35:09.960399','2023-03-24 08:35:09.981655','HCM23_IN_cccas_179',2,'cccas',3,3,37),(180,'2023-03-24 08:46:31.792627','2023-03-24 08:46:31.808937','HCM23_IN_mb_180',2,'mb',3,3,37),(181,'2023-03-24 08:48:25.214300','2023-03-24 08:48:25.239249','HCM23_IN_c_181',2,'c',3,3,37),(182,'2023-03-24 08:48:37.585027','2023-03-24 08:48:37.606786','HCM23_IN_awdasdasd_182',2,'awdasdasd',3,3,37),(183,'2023-03-24 08:51:58.403915','2023-03-24 08:51:58.423258','HCM23_IN_sdvsdvsdv_183',2,'sdvsdvsdv',3,3,37),(184,'2023-03-24 08:53:54.025651','2023-03-24 08:53:54.043008','HCM23_IN_c_184',2,'c',3,3,37),(185,'2023-03-24 08:54:40.482624','2023-03-24 08:54:40.517660','HCM23_IN_cas_185',2,'cas',3,3,37),(186,'2023-03-24 08:58:56.019331','2023-03-24 08:58:56.036188','HCM23_IN_ascacac_186',2,'ascacac',3,3,37),(187,'2023-03-24 08:59:03.351591','2023-03-24 08:59:03.373430','HCM23_IN_b_187',2,'b',3,3,37),(188,'2023-03-24 08:59:34.818102','2023-03-24 08:59:34.835294','HCM23_IN_fgnfgn_188',2,'fgnfgn',3,3,37),(189,'2023-03-24 09:00:38.411355','2023-03-24 09:00:38.447802','HCM23_IN_cawe_189',2,'cawe',3,3,37),(190,'2023-03-24 09:02:43.099797','2023-03-24 09:02:43.109227','HCM23_IN_css_190',2,'css',3,3,37),(191,'2023-03-24 09:07:09.717285','2023-03-24 09:07:09.900574','HCM23_IN_asd_191',2,'asd',3,3,37),(192,'2023-03-24 09:07:33.039957','2023-03-24 09:07:33.090547','HCM23_IN_c_192',2,'c',3,3,37),(193,'2023-03-24 09:22:00.689759','2023-03-24 09:22:00.825604','HCM23_IN_cccc_193',2,'cccc',3,3,37),(194,'2023-03-24 09:23:04.059634','2023-03-24 09:23:04.081345','HCM23_IN_asdcascac_194',2,'asdcascac',3,3,37),(195,'2023-03-24 09:23:24.847991','2023-03-24 09:23:24.864403','HCM23_IN_vvv_195',2,'vvv',3,3,37),(196,'2023-03-24 09:28:32.118183','2023-03-24 09:28:32.129219','HCM23_IN_avv_196',2,'avv',3,3,37),(197,'2023-03-24 09:29:29.902862','2023-03-24 09:29:29.912245','HCM23_IN_vvvasass_197',2,'vvvasass',3,3,37),(198,'2023-03-24 09:31:22.452899','2023-03-24 09:31:22.467115','HCM23_IN_cccc_198',2,'cccc',3,3,37),(199,'2023-03-24 09:32:12.250462','2023-03-24 09:32:12.287437','HCM23_IN_cawd_199',2,'cawd',3,3,37),(200,'2023-03-24 09:33:29.753779','2023-03-24 09:33:29.769773','HCM23_IN_vasd_200',2,'vasd',3,3,37),(201,'2023-03-24 09:34:16.146659','2023-03-24 09:34:16.165485','HCM23_IN_vava_201',2,'vava',3,3,37),(202,'2023-03-24 09:40:50.383402','2023-03-24 09:40:50.557643','HCM23_IN_vvvvasdasdd_202',2,'vvvvasdasdd',3,3,37),(203,'2023-03-24 09:41:46.945019','2023-03-24 09:41:46.998165','HCM23_IN_ccccc_203',2,'ccccc',3,3,37),(204,'2023-03-24 09:42:45.505197','2023-03-24 09:42:45.557640','HCM23_IN_vvasdadqqw_204',2,'vvasdadqqw',3,3,37),(205,'2023-03-24 09:43:59.347127','2023-03-24 09:43:59.367207','HCM23_IN_qjiwfnqjwfwqfqwf_205',2,'qjiwfnqjwfwqfqwf',3,3,37),(206,'2023-03-24 09:45:14.887634','2023-03-24 09:45:14.909471','HCM23_IN_wewrwer2342_206',2,'wewrwer2342',3,3,37),(207,'2023-03-24 09:46:27.627860','2023-03-24 09:46:27.673847','HCM23_IN_cbw4434_207',2,'cbw4434',3,3,37),(208,'2023-03-24 09:48:19.289683','2023-03-24 09:48:19.310088','HCM23_IN_wrwetwer_208',2,'wrwetwer',3,3,37),(209,'2023-03-24 09:58:50.910663','2023-03-24 09:58:50.923242','HCM23_IN_bbasdwww_209',2,'bbasdwww',3,3,37),(210,'2023-03-24 10:00:42.509599','2023-03-24 10:00:42.528026','HCM23_IN_bb_210',2,'bb',3,3,37),(211,'2023-03-24 10:01:20.692591','2023-03-24 10:01:20.715396','HCM23_IN_miiafgwf_211',2,'miiafgwf',3,3,37),(212,'2023-03-24 10:01:59.531911','2023-03-24 10:01:59.548684','HCM23_IN_kikiaaia_212',2,'kikiaaia',3,3,37),(213,'2023-03-24 10:04:51.734526','2023-03-24 10:04:51.757061','HCM23_IN_bnbeeiefe_213',2,'bnbeeiefe',3,3,37),(214,'2023-03-24 10:07:14.609082','2023-03-24 10:07:14.623394','HCM23_IN_1111_214',2,'1111',3,3,37),(215,'2023-03-24 10:09:42.017112','2023-03-24 10:09:42.221705','HCM23_IN_mbmbmmbb_215',2,'mbmbmmbb',3,3,37),(216,'2023-03-24 10:10:26.378134','2023-03-24 10:10:26.395322','HCM23_IN_bbbbbyyy_216',2,'bbbbbyyy',3,3,37),(217,'2023-03-24 10:11:26.586884','2023-03-24 10:11:26.630075','HCM23_IN_hhjhb_217',2,'hhjhb',3,3,37),(218,'2023-03-24 10:12:42.360951','2023-03-24 10:12:42.383366','HCM23_IN_v_218',2,'v',3,3,37),(219,'2023-03-24 10:14:16.562659','2023-03-24 10:14:16.582130','HCM23_IN_c_219',2,'c',3,3,37),(220,'2023-03-24 10:14:40.360721','2023-03-24 10:14:40.379774','HCM23_IN_vm_220',2,'vm',3,3,37),(221,'2023-03-24 10:16:48.478147','2023-03-24 10:16:48.565794','HCM23_IN_n_221',2,'n',3,3,37),(222,'2023-03-24 10:20:15.163156','2023-03-24 10:20:15.178826','HCM23_IN_bvaw_222',2,'bvaw',3,3,37),(223,'2023-03-24 10:22:34.555481','2023-03-24 10:22:34.569586','HCM23_IN_bbb_223',2,'bbb',3,3,37),(224,'2023-03-24 10:24:24.039012','2023-03-24 10:24:24.378245','HCM23_IN_asgg_224',2,'asgg',3,3,37),(225,'2023-03-24 10:25:22.137170','2023-03-24 10:25:22.151307','HCM23_IN_tfjtj_225',2,'tfjtj',3,3,37),(226,'2023-03-24 10:25:29.296922','2023-03-24 10:25:29.314307','HCM23_IN_mmm_226',2,'mmm',3,3,37),(227,'2023-03-24 10:36:18.330564','2023-03-24 10:36:18.394314','HCM23_IN_a_227',2,'a',3,3,37),(228,'2023-03-24 10:38:48.618956','2023-03-24 10:38:48.639095','HCM23_IN_h_228',2,'h',3,3,37),(229,'2023-03-24 10:40:29.845367','2023-03-24 10:40:29.872395','HCM23_IN_b_229',2,'b',3,3,37),(230,'2023-03-24 10:47:31.124639','2023-03-24 10:47:31.144821','HCM23_IN_v_230',2,'v',3,3,37),(231,'2023-03-24 10:50:03.457393','2023-03-24 10:50:03.487544','HCM23_IN_c_231',2,'c',3,3,37),(232,'2023-03-24 10:55:56.626352','2023-03-24 10:55:56.645344','HCM23_IN_b_232',2,'b',3,3,37),(233,'2023-03-24 10:56:01.230187','2023-03-24 10:56:01.274958','HCM23_IN_n_233',2,'n',3,3,37),(234,'2023-03-24 10:56:06.331538','2023-03-24 10:56:06.367084','HCM23_IN_v_234',2,'v',3,3,37),(235,'2023-03-24 10:56:10.538358','2023-03-24 10:56:10.559315','HCM23_IN_d_235',2,'d',3,3,37),(236,'2023-03-24 11:01:03.998207','2023-03-24 11:01:04.020804','HCM23_IN_o_236',2,'o',3,3,37),(237,'2023-03-24 11:02:28.207356','2023-03-24 11:02:28.239722','HCM23_IN_s_237',2,'s',3,3,37),(238,'2023-03-24 11:08:14.061001','2023-03-24 11:08:14.081899','HCM23_IN_c_238',2,'c',3,3,37),(239,'2023-03-24 11:09:19.815125','2023-03-24 11:09:19.841918','HCM23_IN_a_239',2,'a',3,3,37),(240,'2023-03-24 11:10:34.188646','2023-03-24 11:10:34.215763','HCM23_IN_n_240',2,'n',3,3,37),(241,'2023-03-24 11:15:34.845299','2023-03-24 11:15:34.902966','HCM23_IN_v_241',2,'v',3,3,37),(242,'2023-03-24 11:16:01.198424','2023-03-24 11:16:01.233304','HCM23_IN_c_242',2,'c',3,3,37),(243,'2023-03-24 11:16:30.989139','2023-03-24 11:16:31.007474','HCM23_IN_a_243',2,'a',3,3,37),(244,'2023-03-24 11:22:52.394273','2023-03-24 11:22:52.411094','HCM23_IN_c_244',2,'c',3,3,37),(245,'2023-03-24 11:25:11.159106','2023-03-24 11:25:11.177733','HCM23_IN_j_245',2,'j',3,3,37),(246,'2023-03-25 08:13:47.884806','2023-03-25 08:13:48.068658','HN23_IN_ba22_246',2,'ba22',3,3,37),(247,'2023-03-25 09:13:28.214341','2023-03-25 09:13:28.235522','HN23_IN_ba22_247',2,'ba22',3,3,37),(248,'2023-03-25 10:04:55.373883','2023-03-25 10:04:55.390773','HN23_FR_ONL_25/3_248',2,'25/3',3,3,37),(249,'2023-03-25 10:16:42.786811','2023-03-25 10:16:42.809748','HN23_FR_123123132_249',2,'123123132',3,3,37),(250,'2023-03-25 10:32:55.758846','2023-03-25 10:32:55.781164','DN23_FR_ONL_asdasdj_250',2,'asdasdj',3,3,37),(251,'2023-03-25 12:41:20.133114','2023-03-25 12:41:20.183304','DN23_FR_OFF_25/3/3/3_251',2,'25/3/3/3',3,3,37),(252,'2023-03-25 13:38:34.461742','2023-03-25 13:38:34.497421','HN23_IN_tetst_252',2,'tetst',3,3,37),(253,'2023-03-25 13:39:47.296669','2023-03-25 13:39:47.321076','HN23_IN_tetst_253',2,'tetst',3,3,37),(254,'2023-03-25 13:40:48.576488','2023-03-25 13:40:48.589905','HN23_FR_OFF_abc_254',2,'abc',3,3,37),(255,'2023-03-25 13:41:42.988843','2023-03-25 13:41:42.999861','HCM23_FR_ONL_nunu_255',2,'nunu',3,3,37),(256,'2023-03-25 13:41:44.158582','2023-03-25 13:41:44.175983','HCM23_FR_ONL_nunu_256',2,'nunu',3,3,37),(257,'2023-03-25 13:46:03.159532','2023-03-25 13:46:03.176871','HCM23_FR_m_257',2,'m b ngon ngon',3,3,37),(258,'2023-03-25 13:55:33.399702','2023-03-25 13:55:33.424168','HCM23_FR_m_258',2,'m',3,3,37),(259,'2023-03-25 13:55:35.598057','2023-03-25 13:55:35.609684','HN23_FR_213asads_259',2,'213asads',3,3,37),(260,'2023-03-25 14:14:25.065796','2023-03-25 14:14:25.078192','HCM23_IN_d_260',2,'d',3,3,37),(261,'2023-03-26 13:33:06.767329','2023-03-26 13:33:06.842258','DN23_FR_ONL_123_261',2,'123',3,3,37),(262,'2023-03-27 01:03:24.439911','2023-03-27 01:03:24.473746','HCM23_FR_OFF_bn_262',2,'bn b hu',3,3,37),(263,'2023-03-27 02:21:16.868693','2023-03-27 02:21:16.954940','HCM23_FR_khanh_263',30,'khanh',3,3,56),(264,'2023-03-27 02:21:16.974574','2023-03-27 02:21:17.048596','HCM23_FR_khanh_264',30,'khanh',3,3,56),(265,'2023-03-27 02:30:48.191235','2023-03-27 02:30:48.210169','HCM23_FR_khanh_265',2,'khanh',3,3,37),(266,'2023-03-27 02:36:45.924264','2023-03-27 02:36:45.948308','HCM23_FR_Vit1_266',2,'Vit1',3,3,37),(267,'2023-03-27 02:36:48.294749','2023-03-27 02:36:48.305140','HCM23_FR_Vit1_267',2,'Vit1',3,3,37),(268,'2023-03-27 02:36:49.184908','2023-03-27 02:36:49.193785','HCM23_FR_Vit1_268',2,'Vit1',3,3,37),(269,'2023-03-27 02:36:49.552744','2023-03-27 02:36:49.560839','HCM23_FR_Vit1_269',2,'Vit1',3,3,37),(270,'2023-03-27 02:36:49.688826','2023-03-27 02:36:49.699697','HCM23_FR_Vit1_270',2,'Vit1',3,3,37),(271,'2023-03-27 02:36:49.762786','2023-03-27 02:36:49.771265','HCM23_FR_Vit1_271',2,'Vit1',3,3,37),(272,'2023-03-27 02:36:50.171386','2023-03-27 02:36:50.181086','HCM23_FR_Vit1_272',2,'Vit1',3,3,37),(273,'2023-03-27 02:36:50.330076','2023-03-27 02:36:50.370980','HCM23_FR_Vit1_273',2,'Vit1',3,3,37),(274,'2023-03-27 02:36:50.525999','2023-03-27 02:36:50.534614','HCM23_FR_Vit1_274',2,'Vit1',3,3,37),(275,'2023-03-27 02:36:50.621120','2023-03-27 02:36:50.630409','HCM23_FR_Vit1_275',2,'Vit1',3,3,37),(276,'2023-03-27 02:36:51.708097','2023-03-27 02:36:51.724512','HCM23_FR_Vit1_276',2,'Vit1',3,3,37),(277,'2023-03-27 02:42:29.774686','2023-03-27 02:42:29.783601','HN23_IN_Khanhnc_277',2,'Khanhnc',3,3,37),(278,'2023-03-27 02:48:30.068871','2023-03-27 02:48:30.077798','HCM23_FR_Quan2_278',2,'Quan2',3,3,37),(279,'2023-03-27 02:53:46.664810','2023-03-27 02:53:46.796262','HCM23_IN_1_279',2,'1',3,3,37),(280,'2023-03-27 02:54:50.977333','2023-03-27 02:54:51.014809','HN23_IN_2_280',2,'2',3,3,37),(281,'2023-03-27 03:04:18.498671','2023-03-27 03:04:18.561601','HCM23_FR_OFF_qwe_281',2,'qwe',3,3,37),(282,'2023-03-27 03:06:55.976078','2023-03-27 03:06:55.990804','HCM23_FR_ONL_21_282',2,'21',3,3,37),(283,'2023-03-27 03:08:28.934755','2023-03-27 03:08:28.960616','HCM23_FR_OFF_12qw_283',2,'12qw',3,3,37),(284,'2023-03-27 03:11:26.834465','2023-03-27 03:11:26.852167','HCM23_FR_khanhoc_284',2,'khanhoc',3,3,37),(285,'2023-03-27 03:14:40.107892','2023-03-27 03:14:40.126131','HN23_FR_TanTheHell_285',2,'TanTheHell',3,3,37),(286,'2023-03-27 03:19:52.182447','2023-03-27 03:19:52.196160','HCM23_FR_Vnh_286',2,'Vnh',3,3,37),(287,'2023-03-27 03:25:58.071370','2023-03-27 03:25:58.086290','HN23_FR_Viet1_287',2,'Viet1',3,3,37),(288,'2023-03-27 03:27:11.177071','2023-03-27 03:27:11.188309','HCM23_IN_Viet2_288',2,'Viet2',3,3,37),(289,'2023-03-27 03:31:32.171835','2023-03-27 03:31:32.186494','HCM23_IN_Khanh2_289',2,'Khanh2',3,3,37),(290,'2023-03-27 03:33:09.177704','2023-03-27 03:33:09.194092','HCM23_FR_Khnh_290',2,'Khnh',3,3,37),(291,'2023-03-27 03:34:12.845871','2023-03-27 03:34:12.857538','HCM23_FR_khanh11_291',2,'khanh11',3,3,37),(292,'2023-03-27 03:35:24.596463','2023-03-27 03:35:24.611335','HCM23_FR_kahnh11_292',2,'kahnh11',3,3,37),(293,'2023-03-27 03:37:31.807990','2023-03-27 03:37:31.819754','HCM23_FR_Linh12_293',2,'Linh12',3,3,37),(294,'2023-03-27 03:40:04.587332','2023-03-27 03:40:04.600216','HCM23_FR_ONL_Khanh_294',2,'Khanh',3,3,37),(295,'2023-03-27 03:43:05.946189','2023-03-27 03:43:05.962665','HCM23_FR_Khanh_295',2,'Khanh',3,3,37),(296,'2023-03-27 03:44:17.218472','2023-03-27 03:44:17.232126','HCM23_FR_ONL_Khnh_296',2,'Khnh',3,3,37),(297,'2023-03-27 03:44:18.766269','2023-03-27 03:44:18.782390','HCM23_FR_ONL_Khnh_297',2,'Khnh',3,3,37),(298,'2023-03-27 03:44:22.627020','2023-03-27 03:44:22.638560','HCM23_FR_ONL_Khnh_298',2,'Khnh',3,3,37),(299,'2023-03-27 03:46:09.439168','2023-03-27 03:46:09.450492','HCM23_FR_tan1_299',2,'tan1',3,3,37),(300,'2023-03-27 03:47:49.374101','2023-03-27 03:47:49.387199','HCM23_FR_tan2_300',2,'tan2',3,3,37),(301,'2023-03-27 03:51:09.780688','2023-03-27 03:51:09.794784','HCM23_FR_OFF_NamViet_301',2,'NamViet',3,3,37),(302,'2023-03-27 03:56:11.148954','2023-03-27 03:56:11.163720','HCM23_FR_NamViet2_302',2,'NamViet2',3,3,37),(303,'2023-03-27 03:57:35.008368','2023-03-27 03:57:35.021851','HCM23_FR_NamViet3_303',2,'NamViet3',3,3,37),(304,'2023-03-27 03:58:51.397895','2023-03-27 03:58:51.414903','HCM23_FR_ONL_Khanh111_304',2,'Khanh111',3,3,37),(305,'2023-03-27 04:05:09.502423','2023-03-27 04:05:09.519007','HCM23_FR_ONL_Hai1_305',2,'Hai1',3,3,37),(306,'2023-03-27 04:07:50.680217','2023-03-27 04:07:50.691949','HCM23_FR_Khanh4_306',2,'Khanh4',3,3,37),(307,'2023-03-27 04:08:47.139656','2023-03-27 04:08:47.150901','HCM23_FR_ONL_Khanh55_307',2,'Khanh55',3,3,37),(308,'2023-03-27 04:10:15.756715','2023-03-27 04:10:15.771053','HN23_IN_Quan1_308',2,'Quan1',3,3,37),(309,'2023-03-27 04:17:15.041360','2023-03-27 04:17:15.058859','HCM23_FR_ONL_Khanh_309',4,'Khanh',3,3,31),(310,'2023-03-27 04:18:38.547367','2023-03-27 04:18:38.562368','HCM23_FR_KHanh_310',2,'KHanh',3,3,37),(311,'2023-03-27 04:20:11.544480','2023-03-27 04:20:11.556086','HN23_FR_ONL_Khanh444_311',2,'Khanh444',3,3,37),(312,'2023-03-27 04:21:39.827457','2023-03-27 04:21:39.838207','HCM23_FR_ONL_QuanKhanh_312',2,'QuanKhanh',3,3,37),(313,'2023-03-27 04:24:45.364830','2023-03-27 04:24:45.383138','HCM23_FR_quanAb_313',2,'quanAb',3,3,37),(314,'2023-03-27 04:25:52.935977','2023-03-27 04:25:52.948041','HN23_FR_ONL_QuanAb_314',2,'QuanAb',3,3,37),(315,'2023-03-27 04:46:22.729626','2023-03-27 04:46:22.741127','HN23_FR_ONL_KHanh_315',2,'KHanh',3,3,37),(316,'2023-03-27 04:52:53.847440','2023-03-27 04:52:53.860755','HCM23_FR_Khanh_316',2,'Khanh',3,3,37),(317,'2023-03-27 04:55:32.979342','2023-03-27 04:55:32.990730','HCM23_IN_Quanab_317',2,'Quanab',3,3,37),(318,'2023-03-27 05:03:09.799633','2023-03-27 05:03:09.817545','HN23_FR_ONL_khanhab_318',2,'khanhab',3,3,37),(319,'2023-03-27 05:05:20.701599','2023-03-27 05:05:20.712207','HN23_FR_OFF_huyochco_319',2,'huyochco',3,3,37),(320,'2023-03-27 05:12:42.799296','2023-03-27 05:12:42.814766','HCM23_FR_ONL_khanhne_320',2,'khanhne',3,3,37),(321,'2023-03-27 05:15:53.972634','2023-03-27 05:15:53.984502','HCM23_FR_Huyne_321',2,'Huyne',3,3,37),(322,'2023-03-27 05:17:07.693744','2023-03-27 05:17:07.703887','HN23_FR_TRINE_322',2,'TRINE',3,3,37),(323,'2023-03-27 05:18:00.360682','2023-03-27 05:18:00.375569','HCM23_FR_Tanne_323',2,'Tanne',3,3,37),(324,'2023-03-27 05:19:15.685420','2023-03-27 05:19:15.703367','HCM23_IN_Khanhchodien_324',2,'Khanhchodien',3,3,37),(325,'2023-03-27 05:20:56.978088','2023-03-27 05:20:56.988706','HCM23_FR_Quan11233_325',2,'Quan11233',3,3,37),(326,'2023-03-27 05:35:27.742489','2023-03-27 05:35:27.871602','HCM23_FR_ONL_Khanhne_326',2,'Khanhne',3,3,37);
/*!40000 ALTER TABLE `classes` ENABLE KEYS */;
UNLOCK TABLES;

--
-- Table structure for table `deliveries`
--

DROP TABLE IF EXISTS `deliveries`;
/*!40101 SET @saved_cs_client     = @@character_set_client */;
/*!50503 SET character_set_client = utf8mb4 */;
CREATE TABLE `deliveries` (
  `id` bigint NOT NULL AUTO_INCREMENT,
  `name` varchar(50) DEFAULT NULL,
  `code` varchar(255) DEFAULT NULL,
  `description` text,
  PRIMARY KEY (`id`)
) ENGINE=InnoDB AUTO_INCREMENT=7 DEFAULT CHARSET=utf8mb4 COLLATE=utf8mb4_0900_ai_ci;
/*!40101 SET character_set_client = @saved_cs_client */;

--
-- Dumping data for table `deliveries`
--

LOCK TABLES `deliveries` WRITE;
/*!40000 ALTER TABLE `deliveries` DISABLE KEYS */;
INSERT INTO `deliveries` VALUES (1,'Assignment/Lab',NULL,NULL),(2,'Concept/Lecture',NULL,NULL),(3,'Guide/Review',NULL,NULL),(4,'Test/Quiz',NULL,NULL),(5,'Exam',NULL,NULL),(6,'Seminar/Workshop',NULL,NULL);
/*!40000 ALTER TABLE `deliveries` ENABLE KEYS */;
UNLOCK TABLES;

--
-- Table structure for table `format_types`
--

DROP TABLE IF EXISTS `format_types`;
/*!40101 SET @saved_cs_client     = @@character_set_client */;
/*!50503 SET character_set_client = utf8mb4 */;
CREATE TABLE `format_types` (
  `id` bigint NOT NULL AUTO_INCREMENT,
  `name` varchar(20) DEFAULT NULL,
  `code` varchar(255) DEFAULT NULL,
  `description` text,
  PRIMARY KEY (`id`)
) ENGINE=InnoDB AUTO_INCREMENT=3 DEFAULT CHARSET=utf8mb4 COLLATE=utf8mb4_0900_ai_ci;
/*!40101 SET character_set_client = @saved_cs_client */;

--
-- Dumping data for table `format_types`
--

LOCK TABLES `format_types` WRITE;
/*!40000 ALTER TABLE `format_types` DISABLE KEYS */;
INSERT INTO `format_types` VALUES (1,'Online','Online','Online status'),(2,'Offline','Offline','Offline status');
/*!40000 ALTER TABLE `format_types` ENABLE KEYS */;
UNLOCK TABLES;

--
-- Table structure for table `lessons`
--

DROP TABLE IF EXISTS `lessons`;
/*!40101 SET @saved_cs_client     = @@character_set_client */;
/*!50503 SET character_set_client = utf8mb4 */;
CREATE TABLE `lessons` (
  `id` bigint NOT NULL AUTO_INCREMENT,
  `duration` int DEFAULT NULL,
  `name` varchar(100) DEFAULT NULL,
  `status` varchar(45) DEFAULT NULL,
  `delivery_id` bigint DEFAULT NULL,
  `format_type_id` bigint DEFAULT NULL,
  `output_standard_id` bigint DEFAULT NULL,
  `unit_id` bigint DEFAULT NULL,
  `index` int DEFAULT NULL,
  PRIMARY KEY (`id`),
  KEY `FK18qao7xmeh7a8e1i0s3q3ik0e` (`delivery_id`),
  KEY `FKemvrikd529cwhlk515kim2gve` (`format_type_id`),
  KEY `FK8r17xqds2ig0mlk9jm0e53wcm` (`output_standard_id`),
  KEY `FKfsvqlgk1jdfcd1h8biuwy55rn` (`unit_id`),
  CONSTRAINT `FK18qao7xmeh7a8e1i0s3q3ik0e` FOREIGN KEY (`delivery_id`) REFERENCES `deliveries` (`id`),
  CONSTRAINT `FK8r17xqds2ig0mlk9jm0e53wcm` FOREIGN KEY (`output_standard_id`) REFERENCES `output_standards` (`id`),
  CONSTRAINT `FKemvrikd529cwhlk515kim2gve` FOREIGN KEY (`format_type_id`) REFERENCES `format_types` (`id`),
  CONSTRAINT `FKfsvqlgk1jdfcd1h8biuwy55rn` FOREIGN KEY (`unit_id`) REFERENCES `units` (`id`)
) ENGINE=InnoDB AUTO_INCREMENT=74 DEFAULT CHARSET=utf8mb4 COLLATE=utf8mb4_0900_ai_ci;
/*!40101 SET character_set_client = @saved_cs_client */;

--
-- Dumping data for table `lessons`
--

LOCK TABLES `lessons` WRITE;
/*!40000 ALTER TABLE `lessons` DISABLE KEYS */;
INSERT INTO `lessons` VALUES (3,60,'Demo lesson',NULL,NULL,NULL,NULL,52,NULL),(4,60,'Demo lesson',NULL,NULL,NULL,NULL,52,NULL),(5,30,'Demo lesson',NULL,NULL,NULL,NULL,32,NULL),(6,30,'Demo lesson',NULL,NULL,NULL,NULL,32,NULL),(7,30,'name',NULL,1,NULL,1,60,1),(8,30,'name',NULL,1,NULL,1,61,2),(14,0,'string',NULL,1,NULL,1,69,0),(35,20,'lesson 1',NULL,1,NULL,1,96,1),(39,0,'string',NULL,NULL,NULL,NULL,160,0),(40,30,'lessons 1',NULL,1,1,1,161,NULL),(41,30,'lessons 2',NULL,1,1,1,161,NULL),(42,120,'lessons 3',NULL,1,1,1,161,NULL),(43,120,'lessons 4',NULL,1,1,1,161,NULL),(44,180,'lessons 5',NULL,1,1,1,161,NULL),(45,60,'lessons 6',NULL,1,1,1,161,NULL),(46,0,'string',NULL,1,1,1,162,NULL),(47,0,'string',NULL,1,1,1,163,NULL),(48,0,'string',NULL,1,1,1,164,NULL),(49,0,'string',NULL,1,1,1,165,NULL),(50,0,'string',NULL,1,1,1,166,NULL),(51,30,'name',NULL,1,1,1,167,1),(52,30,'name',NULL,1,1,1,168,2),(53,30,'name',NULL,1,1,1,171,1),(54,30,'name',NULL,1,1,1,172,2),(55,30,'name',NULL,1,1,1,175,1),(56,30,'name',NULL,1,1,1,176,2),(57,30,'name',NULL,1,1,1,179,1),(58,30,'name',NULL,1,1,1,180,2),(59,30,'name',NULL,1,1,1,183,1),(60,30,'name',NULL,1,1,1,184,2),(61,30,'name',NULL,1,1,1,187,1),(62,30,'name',NULL,1,1,1,188,2),(63,30,'name',NULL,1,1,1,191,1),(64,30,'name',NULL,1,1,1,192,2),(65,30,'name',NULL,1,1,1,195,1),(66,30,'name',NULL,1,1,1,196,2),(67,10,'Demo lesson',NULL,NULL,NULL,NULL,199,NULL),(68,10,'Demo lesson',NULL,NULL,NULL,NULL,200,NULL),(69,10,'Demo lesson',NULL,NULL,NULL,NULL,201,NULL),(70,30,'name',NULL,1,1,1,202,1),(71,30,'name',NULL,1,1,1,203,2),(72,30,'name',NULL,1,1,1,206,1),(73,30,'name',NULL,1,1,1,207,2);
/*!40000 ALTER TABLE `lessons` ENABLE KEYS */;
UNLOCK TABLES;

--
-- Table structure for table `levels`
--

DROP TABLE IF EXISTS `levels`;
/*!40101 SET @saved_cs_client     = @@character_set_client */;
/*!50503 SET character_set_client = utf8mb4 */;
CREATE TABLE `levels` (
  `id` bigint NOT NULL AUTO_INCREMENT,
  `name` varchar(50) NOT NULL,
  PRIMARY KEY (`id`),
  UNIQUE KEY `UK_e1ejnmsswocdocld1t1iwsvr5` (`name`)
) ENGINE=InnoDB AUTO_INCREMENT=6 DEFAULT CHARSET=utf8mb4 COLLATE=utf8mb4_0900_ai_ci;
/*!40101 SET character_set_client = @saved_cs_client */;

--
-- Dumping data for table `levels`
--

LOCK TABLES `levels` WRITE;
/*!40000 ALTER TABLE `levels` DISABLE KEYS */;
INSERT INTO `levels` VALUES (5,'AA'),(3,'Advanced'),(1,'Basic'),(4,'EEDS'),(2,'Intermediate');
/*!40000 ALTER TABLE `levels` ENABLE KEYS */;
UNLOCK TABLES;

--
-- Table structure for table `locations`
--

DROP TABLE IF EXISTS `locations`;
/*!40101 SET @saved_cs_client     = @@character_set_client */;
/*!50503 SET character_set_client = utf8mb4 */;
CREATE TABLE `locations` (
  `id` bigint NOT NULL AUTO_INCREMENT,
  `city` varchar(45) NOT NULL,
  `fsu` varchar(45) NOT NULL,
  `code` varchar(45) NOT NULL,
  PRIMARY KEY (`id`)
) ENGINE=InnoDB AUTO_INCREMENT=7 DEFAULT CHARSET=utf8mb4 COLLATE=utf8mb4_0900_ai_ci;
/*!40101 SET character_set_client = @saved_cs_client */;

--
-- Dumping data for table `locations`
--

LOCK TABLES `locations` WRITE;
/*!40000 ALTER TABLE `locations` DISABLE KEYS */;
INSERT INTO `locations` VALUES (1,'Ho Chi Minh','FHM','HCM'),(2,'Ha Noi','FHM','HN'),(3,'Da Nang','FHM','DN');
/*!40000 ALTER TABLE `locations` ENABLE KEYS */;
UNLOCK TABLES;

--
-- Table structure for table `materials`
--

DROP TABLE IF EXISTS `materials`;
/*!40101 SET @saved_cs_client     = @@character_set_client */;
/*!50503 SET character_set_client = utf8mb4 */;
CREATE TABLE `materials` (
  `id` bigint NOT NULL AUTO_INCREMENT,
  `created_at` datetime(6) DEFAULT NULL,
  `file_url` varchar(255) DEFAULT NULL,
  `name` varchar(255) DEFAULT NULL,
  `created_by` bigint DEFAULT NULL,
  `lesson_id` bigint DEFAULT NULL,
  PRIMARY KEY (`id`),
  KEY `FKj3unvdjwlsccmqod6jl4w0vcp` (`created_by`),
  KEY `FK24ruqpibfurlhb345nmqh08n` (`lesson_id`),
  CONSTRAINT `FK24ruqpibfurlhb345nmqh08n` FOREIGN KEY (`lesson_id`) REFERENCES `lessons` (`id`),
  CONSTRAINT `FKj3unvdjwlsccmqod6jl4w0vcp` FOREIGN KEY (`created_by`) REFERENCES `users` (`id`)
) ENGINE=InnoDB AUTO_INCREMENT=38 DEFAULT CHARSET=utf8mb4 COLLATE=utf8mb4_0900_ai_ci;
/*!40101 SET character_set_client = @saved_cs_client */;

--
-- Dumping data for table `materials`
--

LOCK TABLES `materials` WRITE;
/*!40000 ALTER TABLE `materials` DISABLE KEYS */;
INSERT INTO `materials` VALUES (1,'2023-03-23 03:39:14.041528','name','name',3,7),(2,'2023-03-23 03:39:14.048395','name','name',3,7),(3,'2023-03-24 01:40:33.269566','string','string',3,14),(4,'2023-03-24 03:55:37.333840','https://www.google.com/','material',3,35),(5,'2023-03-26 10:02:19.913824','cccccccc','materials 1',3,40),(6,'2023-03-26 10:02:19.950705','aaaaaa','materials 2',3,40),(7,'2023-03-26 10:02:19.953141','dsadsadsa','materials 3',3,40),(8,'2023-03-26 10:02:19.957330','string','string',3,41),(9,'2023-03-26 10:02:19.960327','string','string',3,42),(10,'2023-03-26 10:02:19.963446','string','string',3,43),(11,'2023-03-26 10:02:19.966286','string','string',3,44),(12,'2023-03-26 10:02:19.969586','string','string',3,45),(13,'2023-03-26 10:02:19.974205','string','string',3,46),(14,'2023-03-26 10:02:19.977854','string','string',3,47),(15,'2023-03-26 10:02:19.982525','string','string',3,48),(16,'2023-03-26 10:02:19.986833','string','string',3,49),(17,'2023-03-26 10:02:19.991664','string','string',3,50),(18,'2023-03-27 01:39:55.697026','name','name',3,51),(19,'2023-03-27 01:39:55.706501','name','name',3,51),(20,'2023-03-27 02:59:24.293478','name','name',3,53),(21,'2023-03-27 02:59:24.296668','name','name',3,53),(22,'2023-03-27 03:41:36.063612','name','name',3,55),(23,'2023-03-27 03:41:36.069111','name','name',3,55),(24,'2023-03-27 03:50:52.804509','name','name',3,57),(25,'2023-03-27 03:50:52.805905','name','name',3,57),(26,'2023-03-27 03:51:19.912174','name','name',3,59),(27,'2023-03-27 03:51:19.913523','name','name',3,59),(28,'2023-03-27 03:57:36.742367','name','name',3,61),(29,'2023-03-27 03:57:36.743763','name','name',3,61),(30,'2023-03-27 04:04:11.160513','name','name',3,63),(31,'2023-03-27 04:04:11.161865','name','name',3,63),(32,'2023-03-27 04:04:52.259244','name','name',3,65),(33,'2023-03-27 04:04:52.260541','name','name',3,65),(34,'2023-03-27 06:36:38.446158','name','name',3,70),(35,'2023-03-27 06:36:38.450418','name','name',3,70),(36,'2023-03-27 06:36:39.419366','name','name',3,72),(37,'2023-03-27 06:36:39.421483','name','name',3,72);
/*!40000 ALTER TABLE `materials` ENABLE KEYS */;
UNLOCK TABLES;

--
-- Table structure for table `output_standards`
--

DROP TABLE IF EXISTS `output_standards`;
/*!40101 SET @saved_cs_client     = @@character_set_client */;
/*!50503 SET character_set_client = utf8mb4 */;
CREATE TABLE `output_standards` (
  `id` bigint NOT NULL AUTO_INCREMENT,
  `name` varchar(10) DEFAULT NULL,
  `code` varchar(255) DEFAULT NULL,
  `description` text,
  PRIMARY KEY (`id`)
) ENGINE=InnoDB AUTO_INCREMENT=17 DEFAULT CHARSET=utf8mb4 COLLATE=utf8mb4_0900_ai_ci;
/*!40101 SET character_set_client = @saved_cs_client */;

--
-- Dumping data for table `output_standards`
--

LOCK TABLES `output_standards` WRITE;
/*!40000 ALTER TABLE `output_standards` DISABLE KEYS */;
INSERT INTO `output_standards` VALUES (1,'HSO',NULL,NULL),(2,'HNO',NULL,NULL),(3,'HPO',NULL,NULL),(4,'HO',NULL,NULL),(5,'asdf',NULL,'stringasdlkfjaxkcv'),(6,'asdf','abc','stringasdlkfjaxkcv'),(7,'string','string','string'),(8,'string','string','string'),(9,'string','string','string'),(10,'string','string','string'),(11,'string','1234','string'),(12,'string','bgfnhf','string'),(13,'string','string','string'),(14,'string','string','string'),(15,'string','string','string'),(16,'string','string','string');
/*!40000 ALTER TABLE `output_standards` ENABLE KEYS */;
UNLOCK TABLES;

--
-- Table structure for table `program_syllabus`
--

DROP TABLE IF EXISTS `program_syllabus`;
/*!40101 SET @saved_cs_client     = @@character_set_client */;
/*!50503 SET character_set_client = utf8mb4 */;
CREATE TABLE `program_syllabus` (
  `program_id` bigint NOT NULL,
  `syllabus_id` bigint NOT NULL,
  `syllabus_index` int NOT NULL,
  PRIMARY KEY (`program_id`,`syllabus_index`),
  KEY `FK8ks7nksqr16bpi4niyc86j8ap` (`syllabus_id`),
  CONSTRAINT `FK8ks7nksqr16bpi4niyc86j8ap` FOREIGN KEY (`syllabus_id`) REFERENCES `syllabuses` (`id`),
  CONSTRAINT `FKdfxu0lcxgkxe849mafs4i6v9m` FOREIGN KEY (`program_id`) REFERENCES `programs` (`id`)
) ENGINE=InnoDB DEFAULT CHARSET=utf8mb4 COLLATE=utf8mb4_0900_ai_ci;
/*!40101 SET character_set_client = @saved_cs_client */;

--
-- Dumping data for table `program_syllabus`
--

LOCK TABLES `program_syllabus` WRITE;
/*!40000 ALTER TABLE `program_syllabus` DISABLE KEYS */;
INSERT INTO `program_syllabus` VALUES (2,1,3),(7,1,3),(16,1,1),(17,1,1),(18,1,1),(20,1,1),(26,1,3),(27,1,3),(28,1,3),(30,1,3),(39,1,0),(40,1,0),(41,1,0),(42,1,0),(44,1,0),(46,1,0),(52,1,0),(54,1,0),(55,1,0),(56,1,0),(57,1,0),(69,1,0),(74,1,2),(97,1,0),(100,1,0),(102,1,0),(103,1,0),(3,2,2),(15,2,2),(17,2,3),(19,2,2),(20,2,2),(21,2,2),(22,2,2),(26,2,2),(27,2,2),(28,2,2),(29,2,2),(30,2,2),(31,2,2),(40,2,1),(41,2,1),(44,2,1),(46,2,1),(49,2,0),(68,2,2),(74,2,0),(86,2,0),(101,2,0),(110,2,0),(2,3,1),(3,3,0),(4,3,2),(9,3,1),(13,3,0),(14,3,0),(15,3,0),(23,3,2),(24,3,2),(25,3,2),(28,3,1),(29,3,1),(29,3,3),(30,3,1),(31,3,1),(37,3,0),(42,3,1),(43,3,0),(44,3,2),(46,3,2),(51,3,0),(65,3,0),(2,4,2),(3,4,3),(8,4,2),(9,4,0),(16,4,0),(17,4,0),(18,4,0),(19,4,0),(39,4,1),(41,4,2),(45,4,0),(47,4,0),(52,4,1),(69,4,1),(5,5,1),(11,5,2),(20,5,0),(21,5,0),(42,5,2),(45,5,1),(47,5,1),(49,5,1),(68,5,1),(5,6,0),(49,6,2),(51,6,1),(52,6,2),(98,6,0),(99,6,0),(13,7,1),(14,7,1),(22,7,0),(23,7,0),(24,7,0),(25,7,0),(26,7,0),(27,7,0),(28,7,0),(29,7,0),(30,7,0),(31,7,0),(72,7,0),(6,8,0),(7,8,0),(57,8,1),(70,8,1),(73,8,0),(5,9,2),(8,9,1),(4,10,1),(57,10,2),(74,10,1),(21,11,1),(22,11,1),(23,11,1),(24,11,1),(25,11,1),(26,11,1),(27,11,1),(40,11,2),(82,11,0),(83,11,0),(89,11,0),(2,12,0),(8,12,0),(68,12,0),(9,13,2),(39,13,2),(6,14,1),(7,14,1),(16,14,3),(58,15,0),(4,16,0),(6,16,2),(7,16,2),(21,16,3),(58,16,2),(62,16,1),(64,16,1),(67,16,1),(89,16,1),(3,17,1),(43,17,1),(62,17,0),(64,17,0),(67,17,0),(11,18,0),(19,18,1),(58,18,1),(61,18,2),(63,18,2),(66,18,2),(70,18,0),(11,19,1),(13,19,2),(15,19,1),(40,19,3),(43,19,2),(61,19,1),(63,19,1),(65,19,2),(66,19,1),(14,20,2),(16,20,2),(17,20,2),(18,20,2),(61,20,0),(63,20,0),(66,20,0),(65,23,1);
/*!40000 ALTER TABLE `program_syllabus` ENABLE KEYS */;
UNLOCK TABLES;

--
-- Table structure for table `programs`
--

DROP TABLE IF EXISTS `programs`;
/*!40101 SET @saved_cs_client     = @@character_set_client */;
/*!50503 SET character_set_client = utf8mb4 */;
CREATE TABLE `programs` (
  `id` bigint NOT NULL AUTO_INCREMENT,
  `created_at` datetime(6) DEFAULT NULL,
  `last_modified_at` datetime(6) DEFAULT NULL,
  `activated` bit(1) DEFAULT NULL,
  `name` varchar(50) NOT NULL,
  `created_by` bigint DEFAULT NULL,
  `last_modified_by` bigint DEFAULT NULL,
  PRIMARY KEY (`id`),
  KEY `FKlrp6u3c081ppocuppb676c7gy` (`created_by`),
  KEY `FK4cyb4heqhy4xgoy2pfuuwjqdq` (`last_modified_by`),
  CONSTRAINT `FK4cyb4heqhy4xgoy2pfuuwjqdq` FOREIGN KEY (`last_modified_by`) REFERENCES `users` (`id`),
  CONSTRAINT `FKlrp6u3c081ppocuppb676c7gy` FOREIGN KEY (`created_by`) REFERENCES `users` (`id`)
) ENGINE=InnoDB AUTO_INCREMENT=111 DEFAULT CHARSET=utf8mb4 COLLATE=utf8mb4_0900_ai_ci;
/*!40101 SET character_set_client = @saved_cs_client */;

--
-- Dumping data for table `programs`
--

LOCK TABLES `programs` WRITE;
/*!40000 ALTER TABLE `programs` DISABLE KEYS */;
INSERT INTO `programs` VALUES (2,'2023-03-15 06:49:45.558557','2023-03-27 02:19:07.622994',_binary '','Tester Foundation',6,3),(3,'2023-03-15 06:56:19.380076','2023-03-15 06:56:19.380076',_binary '','IT Business Analyst Foundation_4',5,4),(4,'2023-03-15 06:57:15.231783','2023-03-27 03:46:12.735287',_binary '\0','Fullstack .NET Web Developer',8,3),(5,'2023-03-15 06:57:46.045108','2023-03-26 08:15:12.230212',_binary '\0','Fullstack Java Web Developer_3',5,3),(6,'2023-03-15 06:58:44.970637','2023-03-23 07:48:33.314377',_binary '\0','Java Back-end Foundation',3,3),(7,'2023-03-15 06:59:01.602955','2023-03-23 01:34:41.257133',_binary '','Advanced Java Back-end Foundation',5,3),(8,'2023-03-15 06:59:37.918688','2023-03-22 02:46:26.033423',_binary '','NodeJS Back-end Foundation',4,3),(9,'2023-03-15 07:00:24.717958','2023-03-23 04:42:20.245314',_binary '\0','Graphical Design Foundation',5,3),(11,'2023-03-15 07:02:34.155277','2023-03-27 01:33:44.609386',_binary '\0','Kotlin Mobile Development',6,3),(13,'2023-03-15 07:05:10.253557','2023-03-21 07:49:05.270390',_binary '','Spring Boot Back-end Development',7,3),(14,'2023-03-15 07:07:02.488880','2023-03-21 07:52:33.837521',_binary '','C#/.NET Foundation',5,3),(15,'2023-03-15 07:07:39.770760','2023-03-21 07:55:16.157304',_binary '','Microservices Basic',8,3),(16,'2023-03-15 07:09:30.760854','2023-03-21 07:48:49.604881',_binary '\0','Java Fullstack Program',5,3),(17,'2023-03-15 07:10:37.982380','2023-03-21 07:48:51.213310',_binary '\0','Project Management Program',5,3),(18,'2023-03-15 07:11:03.229066','2023-03-21 07:48:53.147128',_binary '\0','Java Android Development Program',8,3),(19,'2023-03-15 07:11:29.297521','2023-03-21 07:48:55.706827',_binary '\0','Computer Graphic Program',5,3),(20,'2023-03-15 07:11:57.751396','2023-03-21 06:59:36.177400',_binary '','Business Communication Program',7,3),(21,'2023-03-15 07:13:04.263339','2023-03-21 06:57:39.549181',_binary '','Business Analyst Program',6,3),(22,'2023-03-15 07:15:04.422671','2023-03-20 15:08:19.275455',_binary '','Back-end Development with Golang',6,3),(23,'2023-03-15 07:16:48.804641','2023-03-15 07:16:48.804641',_binary '','C# Desktop Development Foundation',5,8),(24,'2023-03-15 07:17:32.204409','2023-03-15 07:17:32.204409',_binary '','C# Desktop Development Foundation 2',4,5),(25,'2023-03-15 07:17:36.907565','2023-03-15 07:17:36.907565',_binary '','C# Desktop Development Foundation 3',5,6),(26,'2023-03-15 07:18:10.420412','2023-03-15 07:18:10.420412',_binary '','Fullstack Java Foundation',5,7),(27,'2023-03-15 07:18:15.259461','2023-03-23 08:30:47.456832',_binary '\0','Fullstack Java Foundation 2',8,3),(28,'2023-03-15 07:18:41.234405','2023-03-21 07:07:08.356772',_binary '','Fullstack Javascript Foundation',5,3),(29,'2023-03-15 07:18:47.005276','2023-03-15 07:18:47.005276',_binary '','Fullstack Javascript Foundation 2',7,5),(30,'2023-03-15 07:18:57.576079','2023-03-15 07:18:57.576079',_binary '','Fullstack Javascript Foundation 3',5,6),(31,'2023-03-15 07:20:08.827506','2023-03-21 07:09:33.592830',_binary '','Mobile Development with React Native',6,3),(37,'2023-03-16 06:39:52.061386','2023-03-16 06:39:52.061386',_binary '','DevOps Foundation 2',5,5),(39,'2023-03-16 12:17:20.316461','2023-03-21 07:15:37.547814',_binary '','657',3,3),(40,'2023-03-16 12:20:13.097965','2023-03-21 07:27:51.326312',_binary '','Test Program',3,3),(41,'2023-03-17 03:12:54.879440','2023-03-21 07:41:26.114958',_binary '','dadsadsadsad',3,3),(42,'2023-03-17 03:27:09.938514','2023-03-21 07:42:54.248123',_binary '','asdsaddsadd',3,3),(43,'2023-03-17 07:47:54.079832','2023-03-21 07:44:38.205512',_binary '','Yasuo',3,3),(44,'2023-03-19 04:31:05.276766','2023-03-21 07:46:32.387069',_binary '','This is program name',3,3),(45,'2023-03-19 04:31:05.375432','2023-03-19 04:31:05.375432',_binary '','This is program name 2',3,3),(46,'2023-03-19 04:37:23.901730','2023-03-21 06:13:09.832453',_binary '','This is program name 3',3,3),(47,'2023-03-19 04:37:23.911245','2023-03-19 04:37:23.911245',_binary '','This is program name 4',3,3),(48,'2023-03-20 02:51:44.509493','2023-03-20 15:09:43.749640',_binary '','gsgsdgsg',3,3),(49,'2023-03-20 03:33:35.196335','2023-03-21 07:15:03.118372',_binary '','aassadsad',3,3),(51,'2023-03-20 06:17:57.706838','2023-03-21 07:14:48.832823',_binary '','Python Developer Foundation',3,3),(52,'2023-03-20 08:19:16.267486','2023-03-22 01:52:25.696850',_binary '','Megaman',3,3),(54,'2023-03-22 02:09:19.163319','2023-03-22 02:55:56.013727',_binary '','New Program',3,3),(55,'2023-03-22 02:12:31.224277','2023-03-22 02:12:31.224277',_binary '\0','aa',3,3),(56,'2023-03-22 02:18:39.734361','2023-03-22 02:18:39.734361',_binary '\0','aasa',3,3),(57,'2023-03-22 03:01:05.529792','2023-03-22 03:01:05.529792',_binary '\0','This is program name 10',3,3),(58,'2023-03-22 03:01:05.541458','2023-03-22 03:01:05.541458',_binary '','This is program name 11',3,3),(61,'2023-03-22 03:27:34.666130','2023-03-22 03:27:34.666130',_binary '\0','Test program 3',3,3),(62,'2023-03-22 03:27:34.783264','2023-03-22 03:27:34.783264',_binary '','Test program 2',3,3),(63,'2023-03-22 03:40:42.810097','2023-03-22 03:40:42.810097',_binary '\0','Test program 5',3,3),(64,'2023-03-22 03:40:43.003430','2023-03-22 03:40:43.003430',_binary '','Test program 6',3,3),(65,'2023-03-23 01:56:59.870149','2023-03-23 01:57:11.219631',_binary '','Test Program New',3,3),(66,'2023-03-23 02:00:23.550012','2023-03-23 02:25:02.891791',_binary '','New Program Test 1',3,3),(67,'2023-03-23 02:00:23.556602','2023-03-23 02:48:00.866653',_binary '\0','New Program Test 2',3,3),(68,'2023-03-23 02:46:50.716269','2023-03-23 03:36:01.592039',_binary '\0','Test Program New 5',3,3),(69,'2023-03-23 04:45:50.595546','2023-03-23 04:45:58.384050',_binary '','Latest Program',3,3),(70,'2023-03-23 05:20:50.811663','2023-03-23 05:20:50.811663',_binary '\0','Java Web Application Development',3,3),(72,'2023-03-23 07:45:35.488629','2023-03-23 07:45:35.488629',_binary '','kjlkjljdf',3,3),(73,'2023-03-23 07:45:35.491347','2023-03-23 07:45:35.491347',_binary '','kjlkjlk',3,3),(74,'2023-03-23 07:48:01.902083','2023-03-23 07:48:10.606543',_binary '','sfsdfsfs',3,3),(82,'2023-03-25 13:48:41.180488','2023-03-25 13:49:37.237384',_binary '','m b ngon ngon',3,3),(83,'2023-03-26 10:05:07.119674','2023-03-26 10:32:01.653589',_binary '','yasuo one shot one kill',3,3),(86,'2023-03-26 11:54:33.711993','2023-03-26 12:06:35.011821',_binary '\0','string',3,3),(89,'2023-03-27 02:12:56.145845','2023-03-27 04:00:59.550000',_binary '\0','test programm',3,3),(90,'2023-03-27 03:00:02.974505','2023-03-27 03:00:02.974505',_binary '\0','dsegse',3,3),(91,'2023-03-27 03:00:44.074838','2023-03-27 03:00:44.074838',_binary '\0','segtrss',3,3),(92,'2023-03-27 03:02:20.375585','2023-03-27 03:02:20.375585',_binary '\0','vffcf',3,3),(93,'2023-03-27 03:03:04.971864','2023-03-27 03:03:04.971864',_binary '\0','cevervreve',3,3),(94,'2023-03-27 03:05:38.202300','2023-03-27 03:07:10.204804',_binary '','ascsbbrthrt',3,3),(95,'2023-03-27 03:11:56.532637','2023-03-27 03:11:56.532637',_binary '\0','sacsacs',3,3),(96,'2023-03-27 03:12:59.861991','2023-03-27 03:12:59.861991',_binary '\0','hrthrehre',3,3),(97,'2023-03-27 03:18:50.308570','2023-03-27 03:18:58.956495',_binary '','jyujuykyu,u,',3,3),(98,'2023-03-27 03:43:43.652550','2023-03-27 03:43:43.652550',_binary '\0','aaafffff',3,3),(99,'2023-03-27 03:43:43.663503','2023-03-27 03:43:43.663503',_binary '','C++ Fundamentals',3,3),(100,'2023-03-27 03:44:38.329814','2023-03-27 03:44:38.329814',_binary '\0','New API Test',3,3),(101,'2023-03-27 03:44:38.331602','2023-03-27 03:44:38.331602',_binary '','new Api',3,3),(102,'2023-03-27 04:09:27.450843','2023-03-27 04:09:35.549715',_binary '','fdg',3,3),(103,'2023-03-27 04:22:13.635461','2023-03-27 04:22:13.635461',_binary '\0','zsdf',3,3),(104,'2023-03-27 05:10:45.914077','2023-03-27 05:10:45.914077',_binary '\0','s',3,3),(110,'2023-03-27 06:48:14.211906','2023-03-27 06:48:14.211906',_binary '\0','Typescript Program',3,3);
/*!40000 ALTER TABLE `programs` ENABLE KEYS */;
UNLOCK TABLES;

--
-- Table structure for table `roles`
--

DROP TABLE IF EXISTS `roles`;
/*!40101 SET @saved_cs_client     = @@character_set_client */;
/*!50503 SET character_set_client = utf8mb4 */;
CREATE TABLE `roles` (
  `id` bigint NOT NULL AUTO_INCREMENT,
  `name` varchar(50) NOT NULL,
  `permissions` varchar(255) NOT NULL,
  PRIMARY KEY (`id`),
  UNIQUE KEY `UK_ofx66keruapi6vyqpv6f2or37` (`name`)
) ENGINE=InnoDB AUTO_INCREMENT=5 DEFAULT CHARSET=utf8mb4 COLLATE=utf8mb4_0900_ai_ci;
/*!40101 SET character_set_client = @saved_cs_client */;

--
-- Dumping data for table `roles`
--

LOCK TABLES `roles` WRITE;
/*!40000 ALTER TABLE `roles` DISABLE KEYS */;
INSERT INTO `roles` VALUES (1,'Super Admin','Syllabus_FullAccess,Program_FullAccess,Class_FullAccess,Material_FullAccess,User_FullAccess'),(2,'Class Admin','Syllabus_FullAccess,Program_FullAccess,Class_FullAccess,Material_FullAccess,User_AccessDenied'),(3,'Trainer','Syllabus_Create,Program_View,Class_Modify,Material_FullAccess,User_AccessDenied'),(4,'Trainee','Syllabus_View,Program_View,Class_View,Material_View,User_AccessDenied');
/*!40000 ALTER TABLE `roles` ENABLE KEYS */;
UNLOCK TABLES;

--
-- Table structure for table `sessions`
--

DROP TABLE IF EXISTS `sessions`;
/*!40101 SET @saved_cs_client     = @@character_set_client */;
/*!50503 SET character_set_client = utf8mb4 */;
CREATE TABLE `sessions` (
  `id` bigint NOT NULL AUTO_INCREMENT,
  `index` int DEFAULT NULL,
  `name` varchar(45) DEFAULT NULL,
  `status` varchar(45) DEFAULT NULL,
  `syllabus_id` bigint DEFAULT NULL,
  PRIMARY KEY (`id`),
  KEY `FKh0x2ptmxtqkfbjhbkoevwkts7` (`syllabus_id`),
  CONSTRAINT `FKh0x2ptmxtqkfbjhbkoevwkts7` FOREIGN KEY (`syllabus_id`) REFERENCES `syllabuses` (`id`)
) ENGINE=InnoDB AUTO_INCREMENT=186 DEFAULT CHARSET=utf8mb4 COLLATE=utf8mb4_0900_ai_ci;
/*!40101 SET character_set_client = @saved_cs_client */;

--
-- Dumping data for table `sessions`
--

LOCK TABLES `sessions` WRITE;
/*!40000 ALTER TABLE `sessions` DISABLE KEYS */;
INSERT INTO `sessions` VALUES (1,NULL,NULL,NULL,1),(2,NULL,NULL,NULL,1),(3,NULL,NULL,NULL,1),(4,NULL,NULL,NULL,1),(5,NULL,NULL,NULL,1),(6,NULL,NULL,NULL,1),(7,NULL,NULL,NULL,1),(8,NULL,NULL,NULL,1),(9,NULL,NULL,NULL,1),(10,NULL,NULL,NULL,1),(11,NULL,NULL,NULL,1),(12,NULL,NULL,NULL,1),(13,NULL,NULL,NULL,1),(14,NULL,NULL,NULL,1),(15,NULL,NULL,NULL,1),(16,NULL,NULL,NULL,1),(17,NULL,NULL,NULL,1),(18,NULL,NULL,NULL,1),(19,NULL,NULL,NULL,1),(20,NULL,NULL,NULL,1),(21,NULL,NULL,NULL,1),(22,NULL,NULL,NULL,1),(23,NULL,NULL,NULL,1),(24,NULL,NULL,NULL,1),(25,NULL,NULL,NULL,1),(26,NULL,NULL,NULL,1),(27,NULL,NULL,NULL,1),(28,NULL,NULL,NULL,1),(29,NULL,NULL,NULL,1),(30,NULL,NULL,NULL,1),(31,NULL,NULL,NULL,2),(32,1,'Day','1',3),(33,NULL,NULL,NULL,4),(34,NULL,NULL,NULL,5),(35,NULL,NULL,NULL,6),(36,NULL,NULL,NULL,7),(37,NULL,NULL,NULL,8),(38,NULL,NULL,NULL,9),(39,NULL,NULL,NULL,10),(40,NULL,NULL,NULL,11),(41,NULL,NULL,NULL,12),(42,NULL,NULL,NULL,13),(43,NULL,NULL,NULL,14),(44,NULL,NULL,NULL,15),(45,NULL,NULL,NULL,16),(46,NULL,NULL,NULL,17),(47,NULL,NULL,NULL,18),(48,NULL,NULL,NULL,19),(49,NULL,NULL,NULL,20),(50,2,'Day','1',3),(51,NULL,NULL,NULL,23),(52,NULL,NULL,NULL,23),(53,NULL,NULL,NULL,23),(54,NULL,NULL,NULL,24),(55,NULL,NULL,NULL,24),(56,NULL,NULL,NULL,24),(57,1,'name',NULL,28),(58,2,'name',NULL,28),(59,3,'name',NULL,29),(65,0,'string',NULL,42),(72,0,'Day 1',NULL,53),(74,0,'Day 1',NULL,55),(75,0,'Day 1',NULL,56),(87,0,'Day 1',NULL,68),(88,0,'Day 1',NULL,69),(89,0,'Day 1',NULL,70),(92,0,'Day 1',NULL,73),(96,NULL,NULL,NULL,77),(97,NULL,NULL,NULL,77),(98,NULL,NULL,NULL,77),(99,NULL,NULL,NULL,77),(100,NULL,NULL,NULL,77),(101,NULL,NULL,NULL,77),(102,NULL,NULL,NULL,77),(103,NULL,NULL,NULL,77),(104,NULL,NULL,NULL,77),(105,NULL,NULL,NULL,77),(106,NULL,NULL,NULL,77),(107,NULL,NULL,NULL,77),(108,NULL,NULL,NULL,77),(109,NULL,NULL,NULL,77),(110,NULL,NULL,NULL,77),(111,NULL,NULL,NULL,77),(112,NULL,NULL,NULL,77),(113,NULL,NULL,NULL,77),(114,NULL,NULL,NULL,77),(115,NULL,NULL,NULL,77),(116,NULL,NULL,NULL,77),(117,NULL,NULL,NULL,77),(118,NULL,NULL,NULL,77),(119,NULL,NULL,NULL,77),(120,NULL,NULL,NULL,77),(121,NULL,NULL,NULL,77),(122,NULL,NULL,NULL,77),(123,NULL,NULL,NULL,77),(124,NULL,NULL,NULL,77),(125,NULL,NULL,NULL,77),(126,NULL,NULL,NULL,78),(127,NULL,NULL,NULL,78),(128,NULL,NULL,NULL,78),(129,NULL,NULL,NULL,78),(130,NULL,NULL,NULL,78),(131,NULL,NULL,NULL,78),(132,NULL,NULL,NULL,78),(133,NULL,NULL,NULL,78),(134,NULL,NULL,NULL,78),(135,NULL,NULL,NULL,78),(136,NULL,NULL,NULL,78),(137,NULL,NULL,NULL,78),(138,NULL,NULL,NULL,78),(139,NULL,NULL,NULL,78),(140,NULL,NULL,NULL,78),(141,NULL,NULL,NULL,78),(142,NULL,NULL,NULL,78),(143,NULL,NULL,NULL,78),(144,NULL,NULL,NULL,78),(145,NULL,NULL,NULL,78),(146,NULL,NULL,NULL,78),(147,NULL,NULL,NULL,78),(148,NULL,NULL,NULL,78),(149,NULL,NULL,NULL,78),(150,NULL,NULL,NULL,78),(151,NULL,NULL,NULL,78),(152,NULL,NULL,NULL,78),(153,NULL,NULL,NULL,78),(154,NULL,NULL,NULL,78),(155,NULL,NULL,NULL,78),(156,0,'string',NULL,80),(157,2,'sessions 1',NULL,81),(158,4,'sessions 2',NULL,81),(159,6,'sessions 3',NULL,81),(160,8,'sessions 4',NULL,81),(161,1,'name',NULL,82),(162,2,'name',NULL,82),(163,3,'name',NULL,83),(164,1,'name',NULL,84),(165,2,'name',NULL,84),(166,3,'name',NULL,85),(167,1,'name',NULL,86),(168,2,'name',NULL,86),(169,3,'name',NULL,87),(170,1,'name',NULL,88),(171,2,'name',NULL,88),(172,3,'name',NULL,89),(173,1,'name',NULL,90),(174,2,'name',NULL,90),(175,3,'name',NULL,91),(176,1,'name',NULL,92),(177,2,'name',NULL,92),(178,1,'name',NULL,93),(179,2,'name',NULL,93),(180,1,'name',NULL,94),(181,2,'name',NULL,94),(182,1,'name',NULL,95),(183,2,'name',NULL,95),(184,1,'name',NULL,96),(185,2,'name',NULL,96);
/*!40000 ALTER TABLE `sessions` ENABLE KEYS */;
UNLOCK TABLES;

--
-- Table structure for table `syllabuses`
--

DROP TABLE IF EXISTS `syllabuses`;
/*!40101 SET @saved_cs_client     = @@character_set_client */;
/*!50503 SET character_set_client = utf8mb4 */;
CREATE TABLE `syllabuses` (
  `id` bigint NOT NULL AUTO_INCREMENT,
  `created_at` datetime(6) DEFAULT NULL,
  `last_modified_at` datetime(6) DEFAULT NULL,
  `attendee_number` int DEFAULT NULL,
  `code` varchar(20) DEFAULT NULL,
  `course_objective` text,
  `duration` int DEFAULT NULL,
  `name` varchar(100) DEFAULT NULL,
  `status` varchar(20) DEFAULT NULL,
  `technical_requirement` text,
  `training_principle` text,
  `version` float DEFAULT NULL,
  `created_by` bigint DEFAULT NULL,
  `last_modified_by` bigint DEFAULT NULL,
  `assessment_id` bigint DEFAULT NULL,
  `level_id` bigint DEFAULT NULL,
  `training_principle_id` bigint DEFAULT NULL,
  PRIMARY KEY (`id`),
  UNIQUE KEY `code_UNIQUE` (`code`),
  KEY `FK1ysb28n6acuj6ka2qbk7jfxl9` (`created_by`),
  KEY `FKavtmf636td29vit0r4hufwr0a` (`last_modified_by`),
  KEY `FKog7ydovun9by8gil6ohde5x1t` (`assessment_id`),
  KEY `FKtlybknyldvpkfyk329rgo8hlw` (`level_id`),
  KEY `FK16ekmmrw5ng1rbw8310ix75pt` (`training_principle_id`),
  CONSTRAINT `FK16ekmmrw5ng1rbw8310ix75pt` FOREIGN KEY (`training_principle_id`) REFERENCES `training_principle` (`id`),
  CONSTRAINT `FK1ysb28n6acuj6ka2qbk7jfxl9` FOREIGN KEY (`created_by`) REFERENCES `users` (`id`),
  CONSTRAINT `FKavtmf636td29vit0r4hufwr0a` FOREIGN KEY (`last_modified_by`) REFERENCES `users` (`id`),
  CONSTRAINT `FKog7ydovun9by8gil6ohde5x1t` FOREIGN KEY (`assessment_id`) REFERENCES `assessments` (`id`),
  CONSTRAINT `FKtlybknyldvpkfyk329rgo8hlw` FOREIGN KEY (`level_id`) REFERENCES `levels` (`id`)
) ENGINE=InnoDB AUTO_INCREMENT=97 DEFAULT CHARSET=utf8mb4 COLLATE=utf8mb4_0900_ai_ci;
/*!40101 SET character_set_client = @saved_cs_client */;

--
-- Dumping data for table `syllabuses`
--

LOCK TABLES `syllabuses` WRITE;
/*!40000 ALTER TABLE `syllabuses` DISABLE KEYS */;
INSERT INTO `syllabuses` VALUES (1,'2020-05-12 12:34:05.000000','2023-03-25 08:01:45.507437',45,'LNX164',NULL,30,'Linux Fundamentals','ACTIVATED',NULL,NULL,1.1,2,3,NULL,1,NULL),(2,'2020-05-12 12:34:05.000000','2023-03-23 03:50:09.432444',30,'DKR285',NULL,1,'Docker Fundamentals','ACTIVATED',NULL,NULL,1.2,3,3,NULL,NULL,NULL),(3,'2020-05-12 12:34:05.000000','2023-03-24 20:03:15.205683',30,'MCS657',NULL,2,'C# Fundamentals','ACTIVATED',NULL,NULL,1.2,3,3,NULL,NULL,NULL),(4,'2020-05-12 12:34:05.000000','2023-03-24 08:04:46.978027',30,'NAP573',NULL,1,'.NET/ASP Fundamentals','ACTIVATED',NULL,NULL,2.1,2,3,NULL,NULL,NULL),(5,'2020-05-12 12:34:05.000000','2023-03-24 20:06:20.916309',30,'CPP748',NULL,1,'C++ Fundamentals','ACTIVATED',NULL,NULL,2.1,7,3,NULL,NULL,NULL),(6,'2020-03-12 12:34:05.000000','2023-03-24 20:06:20.892704',30,'GDA758',NULL,1,'3D Character Animation','ACTIVATED',NULL,NULL,2.1,2,3,NULL,NULL,NULL),(7,'2020-12-16 12:34:05.000000','2023-03-23 18:28:37.007161',32,'CSD211',NULL,1,'Data Structures and Algorithms','DEACTIVATED',NULL,NULL,1.1,3,3,NULL,NULL,NULL),(8,'2020-12-16 12:34:05.000000','2023-03-23 18:46:00.480615',32,'JAD462',NULL,1,'Java Application Development','DEACTIVATED',NULL,NULL,1.1,8,3,NULL,NULL,NULL),(9,'2020-12-16 12:34:05.000000','2023-03-24 20:05:21.093561',32,'CSI102',NULL,1,'Computer science fundamentals','REJECTED',NULL,NULL,1.1,3,3,NULL,NULL,NULL),(10,'2020-12-16 12:34:05.000000','2023-03-24 08:17:59.752303',32,'DMS201',NULL,1,'	Discrete Mathematics 1','ACTIVATED',NULL,NULL,1.1,5,3,NULL,NULL,NULL),(11,'2020-12-16 12:34:05.000000','2022-07-14 11:04:45.000000',32,'DMS202',NULL,1,'Discrete Mathematics 2','ACTIVATED',NULL,NULL,1.1,3,3,NULL,NULL,NULL),(12,'2020-12-16 12:34:05.000000','2023-03-24 07:58:49.011194',32,'IAA284',NULL,1,'Risk Management in Information Systems','REJECTED',NULL,NULL,1.1,2,3,NULL,NULL,NULL),(13,'2020-12-16 12:34:05.000000','2023-03-24 20:01:03.253640',32,'MRE201',NULL,1,'Malware Analysis and Reverse Engineering','ACTIVATED',NULL,NULL,1.1,5,3,NULL,NULL,NULL),(14,'2020-12-16 12:34:05.000000','2023-03-23 18:46:00.959585',32,'ITA203',NULL,1,'IT Applications in Enterprise','DEACTIVATED',NULL,NULL,1.1,2,3,NULL,NULL,NULL),(15,'2020-12-16 12:34:05.000000','2022-07-14 11:04:45.000000',32,'ITE302',NULL,1,'Cyber Law and IT Ethics','ACTIVATED',NULL,NULL,1.1,3,3,NULL,NULL,NULL),(16,'2020-12-16 12:34:05.000000','2023-03-23 18:45:37.616290',32,'MAS293',NULL,1,'Statistics and data processing','ACTIVATED',NULL,NULL,2.1,8,3,NULL,NULL,NULL),(17,'2020-12-16 12:34:05.000000','2023-03-23 18:18:58.988294',32,'PYF301',NULL,1,'Python language','DEACTIVATED',NULL,NULL,2.1,2,3,NULL,NULL,NULL),(18,'2020-12-16 12:34:05.000000','2023-03-23 17:47:32.874691',32,'PRO302',NULL,1,'Front-end Web Development','ACTIVATED',NULL,NULL,2.1,3,3,NULL,NULL,NULL),(19,'2020-12-16 12:34:05.000000','2022-07-14 11:04:45.000000',32,'PRU201',NULL,1,'Object-Oriented Programming for Unity Games','ACTIVATED',NULL,NULL,2.1,8,4,NULL,NULL,NULL),(20,'2020-12-16 12:34:05.000000','2022-07-14 11:04:45.000000',32,'PRX205',NULL,1,'Advanced XML for Java and Javascript','ACTIVATED',NULL,NULL,2.1,3,7,NULL,NULL,NULL),(23,'2023-03-16 08:36:45.526221','2023-03-16 08:37:42.316643',32,'PRX201',NULL,1,'Advanced XML for Java and Javascript','DRAFT',NULL,NULL,2.1,3,3,NULL,NULL,NULL),(24,'2023-03-16 08:38:00.208486','2023-03-16 08:38:00.208486',32,'PRX202',NULL,3,'Advanced XML for Java and Javascript','DRAFT',NULL,NULL,2.1,3,3,NULL,NULL,NULL),(28,'2023-03-23 03:39:13.992555','2023-03-23 03:39:13.992555',12,'FAGHE','name',2,'name','DRAFT','name','name',1,3,3,3,1,NULL),(29,'2023-03-23 03:39:14.056488','2023-03-27 04:03:07.693077',30,'ASFAS','name',1,'name','REJECTED','name','name',1,3,3,4,2,NULL),(36,'2023-03-24 01:35:11.012865','2023-03-24 01:35:11.012865',0,'97VZA','string',0,'string','DRAFT','string',NULL,1,3,3,11,1,5),(38,'2023-03-24 01:39:24.609166','2023-03-24 01:39:24.609166',0,'1LZ3Q','string',0,'string','DRAFT','string',NULL,1,3,3,13,1,NULL),(41,'2023-03-24 01:40:10.945827','2023-03-24 01:40:10.945827',0,'2QPO2','string',0,'string','DRAFT','string',NULL,1,3,3,16,1,NULL),(42,'2023-03-24 01:40:33.250240','2023-03-24 01:40:33.250240',0,'7UPD7','string',1,'string','DRAFT','string',NULL,1,3,3,17,NULL,9),(45,'2023-03-24 02:51:52.961259','2023-03-24 02:51:52.961259',0,'3ISKO','string',0,'string','DRAFT','string',NULL,1,3,3,20,1,10),(46,'2023-03-24 02:52:17.614482','2023-03-24 02:52:17.614482',0,'4AVO0','string',0,'string','DRAFT','string',NULL,1,3,3,21,1,11),(47,'2023-03-24 02:53:55.870030','2023-03-24 02:53:55.870030',0,'2THU0','string',0,'string','DRAFT','string',NULL,1,3,3,22,1,12),(48,'2023-03-24 02:56:58.207522','2023-03-24 02:56:58.207522',0,'3Y8S7','string',0,'string','DRAFT','string',NULL,1,3,3,23,1,13),(53,'2023-03-24 03:22:13.111285','2023-03-24 03:22:13.111285',0,'8O85D','Lorem ipsum dolor sit amet consectetur, adipisicing elit. Labore, non et deserunt reiciendis, corporis culpa quas fugiat beatae quo accusantium tempore dicta. Fuga possimus voluptas repudiandae provident in, doloremque obcaecati.',1,'add testing','DRAFT','Lorem ipsum dolor sit amet consectetur, adipisicing elit. Labore, non et deserunt reiciendis, corporis culpa quas fugiat beatae quo accusantium tempore dicta. Fuga possimus voluptas repudiandae provident in, doloremque obcaecati.',NULL,1,3,3,28,3,18),(55,'2023-03-24 03:23:40.335025','2023-03-24 03:23:40.335025',0,'33EB5','Lorem ipsum dolor sit amet consectetur, adipisicing elit. Labore, non et deserunt reiciendis, corporis culpa quas fugiat beatae quo accusantium tempore dicta. Fuga possimus voluptas repudiandae provident in, doloremque obcaecati.',1,'add testing','DRAFT','Lorem ipsum dolor sit amet consectetur, adipisicing elit. Labore, non et deserunt reiciendis, corporis culpa quas fugiat beatae quo accusantium tempore dicta. Fuga possimus voluptas repudiandae provident in, doloremque obcaecati.',NULL,1,3,3,30,3,20),(56,'2023-03-24 03:24:59.268429','2023-03-24 03:24:59.268429',0,'8Y2CX','Lorem ipsum dolor sit amet consectetur, adipisicing elit. Labore, non et deserunt reiciendis, corporis culpa quas fugiat beatae quo accusantium tempore dicta. Fuga possimus voluptas repudiandae provident in, doloremque obcaecati.',1,'add testing','DRAFT','Lorem ipsum dolor sit amet consectetur, adipisicing elit. Labore, non et deserunt reiciendis, corporis culpa quas fugiat beatae quo accusantium tempore dicta. Fuga possimus voluptas repudiandae provident in, doloremque obcaecati.',NULL,1,3,3,31,3,21),(68,'2023-03-24 03:41:09.016056','2023-03-24 03:41:09.016056',0,'4OYRF','Lorem ipsum dolor sit amet consectetur, adipisicing elit. Labore, non et deserunt reiciendis, corporis culpa quas fugiat beatae quo accusantium tempore dicta. Fuga possimus voluptas repudiandae provident in, doloremque obcaecati.',1,'add testing','DRAFT','Lorem ipsum dolor sit amet consectetur, adipisicing elit. Labore, non et deserunt reiciendis, corporis culpa quas fugiat beatae quo accusantium tempore dicta. Fuga possimus voluptas repudiandae provident in, doloremque obcaecati.',NULL,1,3,3,43,3,33),(69,'2023-03-24 03:43:29.640176','2023-03-24 03:43:29.640176',0,'9ND7L','Lorem ipsum dolor sit amet consectetur, adipisicing elit. Labore, non et deserunt reiciendis, corporis culpa quas fugiat beatae quo accusantium tempore dicta. Fuga possimus voluptas repudiandae provident in, doloremque obcaecati.',1,'add testing','DRAFT','Lorem ipsum dolor sit amet consectetur, adipisicing elit. Labore, non et deserunt reiciendis, corporis culpa quas fugiat beatae quo accusantium tempore dicta. Fuga possimus voluptas repudiandae provident in, doloremque obcaecati.',NULL,1,3,3,44,3,34),(70,'2023-03-24 03:43:39.608549','2023-03-24 03:43:39.608549',0,'9UCFC','Lorem ipsum dolor sit amet consectetur, adipisicing elit. Labore, non et deserunt reiciendis, corporis culpa quas fugiat beatae quo accusantium tempore dicta. Fuga possimus voluptas repudiandae provident in, doloremque obcaecati.',1,'add testing','DRAFT','Lorem ipsum dolor sit amet consectetur, adipisicing elit. Labore, non et deserunt reiciendis, corporis culpa quas fugiat beatae quo accusantium tempore dicta. Fuga possimus voluptas repudiandae provident in, doloremque obcaecati.',NULL,1,3,3,45,3,35),(73,'2023-03-24 03:55:37.304152','2023-03-24 03:55:37.304152',0,'5O1IM','Lorem ipsum dolor sit amet consectetur, adipisicing elit. Labore, non et deserunt reiciendis, corporis culpa quas fugiat beatae quo accusantium tempore dicta. Fuga possimus voluptas repudiandae provident in, doloremque obcaecati.',1,'add testing','DRAFT','Lorem ipsum dolor sit amet consectetur, adipisicing elit. Labore, non et deserunt reiciendis, corporis culpa quas fugiat beatae quo accusantium tempore dicta. Fuga possimus voluptas repudiandae provident in, doloremque obcaecati.',NULL,1,3,3,48,3,38),(77,'2023-03-24 12:18:20.144148','2023-03-24 12:18:20.144148',45,'PN1H',NULL,30,'Linux Fundamentals','DRAFT',NULL,NULL,1,3,3,NULL,1,NULL),(78,'2023-03-24 12:18:38.660536','2023-03-24 12:18:38.660536',45,'5FLUR',NULL,30,'Linux Fundamentals (duplicate)','DRAFT',NULL,NULL,1,3,3,NULL,1,NULL),(80,'2023-03-26 09:58:01.794802','2023-03-26 09:58:01.794802',0,'836HH','string',1,'string','DRAFT','string',NULL,1,3,3,53,1,43),(81,'2023-03-26 10:02:19.898625','2023-03-26 10:02:35.495004',12,'4XEP5','stringd sadasd asdas',4,'aaaaa','ACTIVATED','strd sad asd asd asing',NULL,1,3,3,54,3,44),(82,'2023-03-27 01:39:55.690183','2023-03-27 01:39:55.690183',12,'3ZN6K','name',2,'name','DRAFT','name',NULL,1,3,3,55,1,45),(83,'2023-03-27 01:39:55.717308','2023-03-27 01:39:55.717308',30,'9VT99','name',1,'name','DRAFT','name',NULL,1,3,3,56,2,46),(84,'2023-03-27 02:59:24.273621','2023-03-27 02:59:24.273621',12,'3D7CV','name',2,'name','DRAFT','name',NULL,1,3,3,57,1,47),(85,'2023-03-27 02:59:24.306295','2023-03-27 02:59:24.306295',30,'1HSCR','name',1,'name','DRAFT','name',NULL,1,3,3,58,2,48),(86,'2023-03-27 03:41:36.008800','2023-03-27 03:41:36.008800',12,'75G60','name',2,'name','DRAFT','name',NULL,1,3,3,59,1,49),(87,'2023-03-27 03:41:36.080286','2023-03-27 03:41:36.080286',30,'4YRCP','name',1,'name','DRAFT','name',NULL,1,3,3,60,2,50),(88,'2023-03-27 03:50:52.789939','2023-03-27 03:50:52.789939',12,'42FST','name',2,'name','DRAFT','name',NULL,1,3,3,61,1,51),(89,'2023-03-27 03:50:52.812808','2023-03-27 03:50:52.812808',30,'248EI','name',1,'name','DRAFT','name',NULL,1,3,3,62,2,52),(90,'2023-03-27 03:51:19.900990','2023-03-27 03:51:19.900990',12,'3VH92','name',2,'name','DRAFT','name',NULL,1,3,3,63,1,53),(91,'2023-03-27 03:51:19.920358','2023-03-27 03:51:19.920358',30,'49I6T','name',1,'name','DRAFT','name',NULL,1,3,3,64,2,54),(92,'2023-03-27 03:57:36.732524','2023-03-27 03:57:36.732524',12,'TEST','name',2,'Test','DRAFT','name',NULL,1,3,3,65,1,55),(93,'2023-03-27 04:04:11.151139','2023-03-27 04:04:11.151139',12,'8WMRQ','name',2,'Test','DRAFT','name',NULL,1,3,3,66,1,56),(94,'2023-03-27 04:04:52.249659','2023-03-27 04:04:52.249659',12,'9UDJ8','name',2,'Test','DRAFT','name',NULL,1,3,3,67,1,57),(95,'2023-03-27 06:36:38.396193','2023-03-27 06:36:38.396193',12,'TEST2','name',2,'Test2','DRAFT','name',NULL,1,3,3,68,1,58),(96,'2023-03-27 06:36:39.405132','2023-03-27 06:36:39.405132',12,'3SNYG','name',2,'Test2','DRAFT','name',NULL,1,3,3,69,1,59);
/*!40000 ALTER TABLE `syllabuses` ENABLE KEYS */;
UNLOCK TABLES;

--
-- Table structure for table `training_principle`
--

DROP TABLE IF EXISTS `training_principle`;
/*!40101 SET @saved_cs_client     = @@character_set_client */;
/*!50503 SET character_set_client = utf8mb4 */;
CREATE TABLE `training_principle` (
  `id` bigint NOT NULL AUTO_INCREMENT,
  `marking` text,
  `others` text,
  `re_test` text,
  `training` text,
  `waiver_criteria` text,
  PRIMARY KEY (`id`)
) ENGINE=InnoDB AUTO_INCREMENT=60 DEFAULT CHARSET=utf8mb4 COLLATE=utf8mb4_0900_ai_ci;
/*!40101 SET character_set_client = @saved_cs_client */;

--
-- Dumping data for table `training_principle`
--

LOCK TABLES `training_principle` WRITE;
/*!40000 ALTER TABLE `training_principle` DISABLE KEYS */;
INSERT INTO `training_principle` VALUES (5,'string','string','string','string','string'),(9,'string','string','string','string','string'),(10,'string','string','string','string','string'),(11,'string','string','string','string','string'),(12,'string','string','string','string','string'),(13,'this is a training priciple for testing: marking','this is a training priciple for testing: others ','this is a training priciple for testing: reTest','this is a training priciple for testing: training','this is a training priciple for testing: waiverCriteria'),(18,'this is a training priciple for testing: marking','this is a training priciple for testing: others ','this is a training priciple for testing: reTest','this is a training priciple for testing: training','this is a training priciple for testing: waiverCriteria'),(20,'this is a training priciple for testing: marking','this is a training priciple for testing: others ','this is a training priciple for testing: reTest','this is a training priciple for testing: training','this is a training priciple for testing: waiverCriteria'),(21,'this is a training priciple for testing: marking','this is a training priciple for testing: others ','this is a training priciple for testing: reTest','this is a training priciple for testing: training','this is a training priciple for testing: waiverCriteria'),(33,'this is a training priciple for testing: marking','this is a training priciple for testing: others ','this is a training priciple for testing: reTest','this is a training priciple for testing: training','this is a training priciple for testing: waiverCriteria'),(34,'this is a training priciple for testing: marking','this is a training priciple for testing: others ','this is a training priciple for testing: reTest','this is a training priciple for testing: training','this is a training priciple for testing: waiverCriteria'),(35,'this is a training priciple for testing: marking','this is a training priciple for testing: others ','this is a training priciple for testing: reTest','this is a training priciple for testing: training','this is a training priciple for testing: waiverCriteria'),(38,'this is a training priciple for testing: marking','this is a training priciple for testing: others ','this is a training priciple for testing: reTest','this is a training priciple for testing: training','this is a training priciple for testing: waiverCriteria'),(43,'string','string','string','string','string'),(44,'Tt lm ','Tt lm ','Tt lm ','Tt lm ','Tt lm '),(45,'marking 1','others 1','reTest 1','training 1','waiverCriteria 1'),(46,'marking 2','others 2','reTest 2','training 2','waiverCriteria 2'),(47,'marking 1','others 1','reTest 1','training 1','waiverCriteria 1'),(48,'marking 2','others 2','reTest 2','training 2','waiverCriteria 2'),(49,'marking 1','others 1','reTest 1','training 1','waiverCriteria 1'),(50,'marking 2','others 2','reTest 2','training 2','waiverCriteria 2'),(51,'marking 1','others 1','reTest 1','training 1','waiverCriteria 1'),(52,'marking 2','others 2','reTest 2','training 2','waiverCriteria 2'),(53,'marking 1','others 1','reTest 1','training 1','waiverCriteria 1'),(54,'marking 2','others 2','reTest 2','training 2','waiverCriteria 2'),(55,'marking 1','others 1','reTest 1','training 1','waiverCriteria 1'),(56,'marking 1','others 1','reTest 1','training 1','waiverCriteria 1'),(57,'marking 1','others 1','reTest 1','training 1','waiverCriteria 1'),(58,'marking 1','others 1','reTest 1','training 1','waiverCriteria 1'),(59,'marking 1','others 1','reTest 1','training 1','waiverCriteria 1');
/*!40000 ALTER TABLE `training_principle` ENABLE KEYS */;
UNLOCK TABLES;

--
-- Table structure for table `units`
--

DROP TABLE IF EXISTS `units`;
/*!40101 SET @saved_cs_client     = @@character_set_client */;
/*!50503 SET character_set_client = utf8mb4 */;
CREATE TABLE `units` (
  `id` bigint NOT NULL AUTO_INCREMENT,
  `index` int DEFAULT NULL,
  `name` varchar(100) DEFAULT NULL,
  `status` varchar(45) DEFAULT NULL,
  `title` varchar(100) DEFAULT NULL,
  `total_duration_lesson` double DEFAULT NULL,
  `session_id` bigint DEFAULT NULL,
  PRIMARY KEY (`id`),
  KEY `FKggkr7eghfph2og9yk21721di8` (`session_id`),
  CONSTRAINT `FKggkr7eghfph2og9yk21721di8` FOREIGN KEY (`session_id`) REFERENCES `sessions` (`id`)
) ENGINE=InnoDB AUTO_INCREMENT=210 DEFAULT CHARSET=utf8mb4 COLLATE=utf8mb4_0900_ai_ci;
/*!40101 SET character_set_client = @saved_cs_client */;

--
-- Dumping data for table `units`
--

LOCK TABLES `units` WRITE;
/*!40000 ALTER TABLE `units` DISABLE KEYS */;
INSERT INTO `units` VALUES (1,NULL,NULL,NULL,NULL,0,1),(2,NULL,NULL,NULL,NULL,0,2),(3,NULL,NULL,NULL,NULL,0,3),(4,NULL,NULL,NULL,NULL,0,4),(5,NULL,NULL,NULL,NULL,0,5),(6,NULL,NULL,NULL,NULL,0,6),(7,NULL,NULL,NULL,NULL,0,7),(8,NULL,NULL,NULL,NULL,0,8),(9,NULL,NULL,NULL,NULL,0,9),(10,NULL,NULL,NULL,NULL,0,10),(11,NULL,NULL,NULL,NULL,0,11),(12,NULL,NULL,NULL,NULL,0,12),(13,NULL,NULL,NULL,NULL,0,13),(14,NULL,NULL,NULL,NULL,0,14),(15,NULL,NULL,NULL,NULL,0,15),(16,NULL,NULL,NULL,NULL,0,16),(17,NULL,NULL,NULL,NULL,0,17),(18,NULL,NULL,NULL,NULL,0,18),(19,NULL,NULL,NULL,NULL,0,19),(20,NULL,NULL,NULL,NULL,0,20),(21,NULL,NULL,NULL,NULL,0,21),(22,NULL,NULL,NULL,NULL,0,22),(23,NULL,NULL,NULL,NULL,0,23),(24,NULL,NULL,NULL,NULL,0,24),(25,NULL,NULL,NULL,NULL,0,25),(26,NULL,NULL,NULL,NULL,0,26),(27,NULL,NULL,NULL,NULL,0,27),(28,NULL,NULL,NULL,NULL,0,28),(29,NULL,NULL,NULL,NULL,0,29),(30,NULL,NULL,NULL,NULL,0,30),(31,NULL,NULL,NULL,NULL,68,31),(32,1,'Demo unit 1',NULL,NULL,60,32),(33,NULL,NULL,NULL,NULL,50.5,33),(34,NULL,NULL,NULL,NULL,42.5,34),(35,NULL,NULL,NULL,NULL,42.5,35),(36,NULL,NULL,NULL,NULL,42.5,35),(37,NULL,NULL,NULL,NULL,46.5,36),(38,NULL,NULL,NULL,NULL,46.5,37),(39,NULL,NULL,NULL,NULL,36.5,38),(40,NULL,NULL,NULL,NULL,39,39),(41,NULL,NULL,NULL,NULL,32,40),(42,NULL,NULL,NULL,NULL,38.5,41),(43,NULL,NULL,NULL,NULL,38.5,42),(44,NULL,NULL,NULL,NULL,38.5,43),(45,NULL,NULL,NULL,NULL,40,44),(46,NULL,NULL,NULL,NULL,40,45),(47,NULL,NULL,NULL,NULL,40,46),(49,NULL,NULL,NULL,NULL,40,47),(50,NULL,NULL,NULL,NULL,36,48),(51,NULL,NULL,NULL,NULL,36,49),(52,4,'Demo unit 4',NULL,NULL,120,50),(54,NULL,NULL,NULL,NULL,0,51),(55,NULL,NULL,NULL,NULL,0,52),(56,NULL,NULL,NULL,NULL,0,53),(57,NULL,NULL,NULL,NULL,0,54),(58,NULL,NULL,NULL,NULL,0,55),(59,NULL,NULL,NULL,NULL,0,56),(60,1,'name',NULL,'name',0.5,57),(61,2,'name',NULL,'name',0.5,57),(62,3,'name',NULL,'name',0,57),(63,4,'name',NULL,'name',0,58),(69,0,'string',NULL,'string',0,65),(76,1,'this is unit 1',NULL,'Unit 1',0,72),(78,1,'this is unit 1',NULL,'Unit 1',0,74),(79,1,'this is unit 1',NULL,'Unit 1',0,75),(91,1,'this is unit 1',NULL,'Unit 1',0,87),(92,1,'this is unit 1',NULL,'Unit 1',0,88),(93,1,'this is unit 1',NULL,'Unit 1',0,89),(96,1,'this is unit 1',NULL,'Unit 1',0.3333333333333333,92),(100,NULL,NULL,NULL,NULL,0,96),(101,NULL,NULL,NULL,NULL,0,97),(102,NULL,NULL,NULL,NULL,0,98),(103,NULL,NULL,NULL,NULL,0,99),(104,NULL,NULL,NULL,NULL,0,100),(105,NULL,NULL,NULL,NULL,0,101),(106,NULL,NULL,NULL,NULL,0,102),(107,NULL,NULL,NULL,NULL,0,103),(108,NULL,NULL,NULL,NULL,0,104),(109,NULL,NULL,NULL,NULL,0,105),(110,NULL,NULL,NULL,NULL,0,106),(111,NULL,NULL,NULL,NULL,0,107),(112,NULL,NULL,NULL,NULL,0,108),(113,NULL,NULL,NULL,NULL,0,109),(114,NULL,NULL,NULL,NULL,0,110),(115,NULL,NULL,NULL,NULL,0,111),(116,NULL,NULL,NULL,NULL,0,112),(117,NULL,NULL,NULL,NULL,0,113),(118,NULL,NULL,NULL,NULL,0,114),(119,NULL,NULL,NULL,NULL,0,115),(120,NULL,NULL,NULL,NULL,0,116),(121,NULL,NULL,NULL,NULL,0,117),(122,NULL,NULL,NULL,NULL,0,118),(123,NULL,NULL,NULL,NULL,0,119),(124,NULL,NULL,NULL,NULL,0,120),(125,NULL,NULL,NULL,NULL,0,121),(126,NULL,NULL,NULL,NULL,0,122),(127,NULL,NULL,NULL,NULL,0,123),(128,NULL,NULL,NULL,NULL,0,124),(129,NULL,NULL,NULL,NULL,0,125),(130,NULL,NULL,NULL,NULL,0,126),(131,NULL,NULL,NULL,NULL,0,127),(132,NULL,NULL,NULL,NULL,0,128),(133,NULL,NULL,NULL,NULL,0,129),(134,NULL,NULL,NULL,NULL,0,130),(135,NULL,NULL,NULL,NULL,0,131),(136,NULL,NULL,NULL,NULL,0,132),(137,NULL,NULL,NULL,NULL,0,133),(138,NULL,NULL,NULL,NULL,0,134),(139,NULL,NULL,NULL,NULL,0,135),(140,NULL,NULL,NULL,NULL,0,136),(141,NULL,NULL,NULL,NULL,0,137),(142,NULL,NULL,NULL,NULL,0,138),(143,NULL,NULL,NULL,NULL,0,139),(144,NULL,NULL,NULL,NULL,0,140),(145,NULL,NULL,NULL,NULL,0,141),(146,NULL,NULL,NULL,NULL,0,142),(147,NULL,NULL,NULL,NULL,0,143),(148,NULL,NULL,NULL,NULL,0,144),(149,NULL,NULL,NULL,NULL,0,145),(150,NULL,NULL,NULL,NULL,0,146),(151,NULL,NULL,NULL,NULL,0,147),(152,NULL,NULL,NULL,NULL,0,148),(153,NULL,NULL,NULL,NULL,0,149),(154,NULL,NULL,NULL,NULL,0,150),(155,NULL,NULL,NULL,NULL,0,151),(156,NULL,NULL,NULL,NULL,0,152),(157,NULL,NULL,NULL,NULL,0,153),(158,NULL,NULL,NULL,NULL,0,154),(159,NULL,NULL,NULL,NULL,0,155),(160,0,'string',NULL,'string',0,156),(161,3131,'units 1',NULL,'123c 321 312',9,157),(162,3131,'units 2',NULL,'123c 321 312',0,157),(163,3131,'units 3',NULL,'123c 321 312',0,157),(164,3131,'units 1',NULL,'123c 321 312',0,158),(165,3131,'units 1',NULL,'123c 321 312',0,159),(166,3131,'units 1',NULL,'123c 321 312',0,160),(167,1,'name',NULL,'name',0.5,161),(168,2,'name',NULL,'name',0.5,161),(169,3,'name',NULL,'name',0,161),(170,4,'name',NULL,'name',0,162),(171,1,'name',NULL,'name',0.5,164),(172,2,'name',NULL,'name',0.5,164),(173,3,'name',NULL,'name',0,164),(174,4,'name',NULL,'name',0,165),(175,1,'name',NULL,'name',0.5,167),(176,2,'name',NULL,'name',0.5,167),(177,3,'name',NULL,'name',0,167),(178,4,'name',NULL,'name',0,168),(179,1,'name',NULL,'name',0.5,170),(180,2,'name',NULL,'name',0.5,170),(181,3,'name',NULL,'name',0,170),(182,4,'name',NULL,'name',0,171),(183,1,'name',NULL,'name',0.5,173),(184,2,'name',NULL,'name',0.5,173),(185,3,'name',NULL,'name',0,173),(186,4,'name',NULL,'name',0,174),(187,1,'name',NULL,'name',0.5,176),(188,2,'name',NULL,'name',0.5,176),(189,3,'name',NULL,'name',0,176),(190,4,'name',NULL,'name',0,177),(191,1,'name',NULL,'name',0.5,178),(192,2,'name',NULL,'name',0.5,178),(193,3,'name',NULL,'name',0,178),(194,4,'name',NULL,'name',0,179),(195,1,'name',NULL,'name',0.5,180),(196,2,'name',NULL,'name',0.5,180),(197,3,'name',NULL,'name',0,180),(198,4,'name',NULL,'name',0,181),(199,2,'Demo unit 2',NULL,NULL,10,32),(200,3,'Demo unit 3',NULL,NULL,10,32),(201,5,'Demo unit 5',NULL,NULL,10,50),(202,1,'name',NULL,'name',0.5,182),(203,2,'name',NULL,'name',0.5,182),(204,3,'name',NULL,'name',0,182),(205,4,'name',NULL,'name',0,183),(206,1,'name',NULL,'name',0.5,184),(207,2,'name',NULL,'name',0.5,184),(208,3,'name',NULL,'name',0,184),(209,4,'name',NULL,'name',0,185);
/*!40000 ALTER TABLE `units` ENABLE KEYS */;
UNLOCK TABLES;

--
-- Table structure for table `user_class_detail`
--

DROP TABLE IF EXISTS `user_class_detail`;
/*!40101 SET @saved_cs_client     = @@character_set_client */;
/*!50503 SET character_set_client = utf8mb4 */;
CREATE TABLE `user_class_detail` (
  `class_detail_id` bigint NOT NULL,
  `user_id` bigint NOT NULL,
  KEY `FKjhfajenjj6qnbiugckn0j7kak` (`user_id`),
  KEY `FKq6rrotmrcevydf36copjv6ppb` (`class_detail_id`),
  CONSTRAINT `FKjhfajenjj6qnbiugckn0j7kak` FOREIGN KEY (`user_id`) REFERENCES `users` (`id`),
  CONSTRAINT `FKq6rrotmrcevydf36copjv6ppb` FOREIGN KEY (`class_detail_id`) REFERENCES `class_details` (`id`)
) ENGINE=InnoDB DEFAULT CHARSET=utf8mb4 COLLATE=utf8mb4_0900_ai_ci;
/*!40101 SET character_set_client = @saved_cs_client */;

--
-- Dumping data for table `user_class_detail`
--

LOCK TABLES `user_class_detail` WRITE;
/*!40000 ALTER TABLE `user_class_detail` DISABLE KEYS */;
INSERT INTO `user_class_detail` VALUES (3,3),(3,4),(4,3),(4,4),(5,3),(5,4),(6,3),(6,4),(7,3),(7,4),(8,3),(8,4),(9,3),(9,4),(10,3),(10,4),(11,3),(11,4),(12,3),(12,4),(13,3),(13,4),(14,3),(14,4),(15,3),(15,4),(16,3),(16,4),(17,3),(17,4),(18,3),(18,4),(19,3),(19,4),(20,3),(20,4),(21,3),(21,4),(22,3),(22,4),(23,3),(23,4),(24,3),(24,4),(25,3),(25,4),(26,3),(26,4),(27,3),(27,4),(28,3),(28,4),(29,3),(29,4),(30,3),(30,4),(31,3),(31,4),(32,3),(32,4),(33,3),(33,4),(34,3),(34,4),(35,3),(35,4),(36,3),(36,4),(37,3),(37,4),(38,3),(38,4),(39,3),(39,4),(40,3),(40,4),(41,3),(41,4),(42,3),(42,4),(43,3),(43,4),(44,3),(44,4),(45,3),(45,4),(46,3),(46,4),(47,3),(47,4),(48,3),(48,4),(49,3),(49,4),(50,3),(50,4),(51,3),(51,4),(52,3),(52,4),(53,3),(53,4),(54,3),(54,4),(55,3),(55,4),(56,3),(56,4),(57,3),(57,4),(58,3),(58,4),(59,3),(59,4),(60,3),(60,4),(61,3),(61,4),(62,3),(62,4),(63,3),(63,4),(64,3),(64,4),(65,3),(65,4),(66,3),(66,4),(67,3),(67,4),(68,3),(68,4),(69,3),(69,4),(70,3),(70,4),(71,3),(71,4),(72,3),(72,4),(73,3),(73,4),(74,3),(74,4),(75,3),(75,4),(76,3),(76,4),(77,3),(77,4),(78,3),(78,4),(79,3),(79,4),(80,3),(80,4),(81,3),(81,4),(82,3),(82,4),(83,3),(83,4),(84,3),(84,4),(85,3),(85,4),(86,3),(86,4),(87,3),(87,4),(88,3),(88,4),(89,3),(89,4),(90,3),(90,4),(91,3),(91,4),(92,3),(92,4),(93,3),(93,4),(94,3),(94,4),(95,3),(95,4),(96,3),(96,4),(97,3),(97,4),(98,3),(98,4),(99,3),(99,4),(100,3),(100,4),(101,3),(101,4),(102,3),(102,4),(103,3),(103,4),(104,3),(104,4),(105,3),(105,4),(106,3),(106,4),(107,3),(107,4),(108,3),(108,4),(109,3),(109,4),(110,3),(110,4),(111,3),(111,4),(113,3),(113,4),(114,3),(114,4),(112,3),(112,4),(115,3),(115,4),(116,3),(116,4),(117,3),(117,4),(118,3),(118,4),(119,3),(119,4),(120,3),(120,4),(121,3),(121,4),(122,3),(122,4),(123,3),(123,4),(124,3),(124,4),(125,3),(125,4),(126,3),(126,4),(127,3),(127,4),(128,3),(128,4),(129,3),(129,4),(130,3),(130,4),(131,3),(131,4),(132,3),(132,4),(133,3),(133,4),(134,3),(134,4),(135,3),(135,4),(136,3),(136,4),(137,3),(137,4),(138,3),(138,4),(139,3),(139,4),(140,3),(140,4),(141,3),(141,4),(142,3),(142,4),(143,3),(143,4),(144,3),(144,4),(145,3),(145,4),(146,3),(146,4),(147,3),(147,4),(148,3),(148,4),(149,3),(149,4),(150,3),(150,4),(151,3),(151,4),(152,3),(152,4),(153,3),(153,4),(154,3),(154,4),(155,3),(155,4),(156,3),(156,4),(157,3),(157,4),(158,3),(158,4),(159,3),(159,4),(160,3),(160,4),(161,3),(161,4),(162,3),(162,4),(164,3),(164,4),(163,3),(163,4),(165,3),(165,4),(166,3),(166,4),(167,3),(167,4),(168,3),(168,4),(169,3),(169,4),(170,3),(170,4),(171,3),(171,4),(172,3),(172,4),(173,3),(173,4),(174,3),(174,4),(175,3),(175,4),(176,3),(176,4),(177,3),(177,4),(178,3),(178,4),(179,3),(179,4),(180,3),(180,4),(181,3),(181,4),(182,3),(182,4),(183,3),(183,4),(184,3),(184,4),(185,3),(185,4),(186,3),(186,4),(187,3),(187,4),(188,3),(188,4),(189,3),(189,4),(190,3),(190,4),(191,3),(191,4),(192,3),(192,4),(193,3),(193,4),(194,3),(194,4),(195,3),(195,4),(196,3),(196,4),(197,3),(197,4),(198,3),(198,4),(199,3),(199,4),(200,3),(200,4),(201,3),(201,4),(202,3),(202,4),(203,3),(203,4),(204,3),(204,4),(205,3),(205,4),(206,3),(206,4),(207,3),(207,4),(208,3),(208,4),(209,3),(209,4),(210,3),(210,4),(211,3),(211,4),(212,3),(212,4),(213,3),(213,4),(214,3),(214,4),(215,3),(215,4),(216,3),(216,4),(217,3),(217,4),(218,3),(218,4),(219,3),(219,4),(220,3),(220,4),(221,3),(221,4),(222,3),(222,4),(223,3),(223,4),(224,3),(224,4),(225,3),(225,4),(226,3),(226,4),(227,3),(227,4),(228,3),(228,4),(229,3),(229,4),(230,3),(230,4),(231,3),(231,4),(232,3),(232,4),(233,3),(233,4),(234,3),(234,4),(235,3),(235,4),(236,3),(236,4),(237,3),(237,4),(238,3),(238,4),(239,3),(239,4),(240,3),(240,4),(241,3),(241,4),(242,3),(242,4),(243,3),(243,4),(244,3),(244,4),(245,10),(245,5),(245,4),(246,10),(246,5),(246,4),(247,9),(247,6),(247,4),(248,10),(248,7),(248,4),(249,9),(249,4),(250,9),(250,7),(250,4),(251,5),(251,8),(251,7),(251,4),(252,6),(252,9),(252,8),(252,4),(253,7),(253,9),(253,4),(254,6),(254,10),(254,7),(254,4),(255,6),(255,10),(255,7),(255,4),(256,7),(256,8),(256,9),(256,4),(257,5),(257,4),(258,9),(258,4),(259,6),(259,4),(260,9),(260,4),(261,5),(261,6),(261,7),(261,4),(262,5),(262,4),(263,5),(263,4),(264,5),(264,6),(264,4),(265,5),(265,4),(266,5),(266,4),(267,5),(267,4),(268,5),(268,4),(269,5),(269,4),(270,5),(270,4),(271,5),(271,4),(272,5),(272,4),(273,5),(273,4),(274,5),(274,4),(275,5),(275,4),(276,5),(276,4),(277,6),(277,4),(278,5),(278,4),(279,6),(279,4),(280,10),(280,4),(281,5),(281,4),(282,6),(282,4),(283,10),(283,4),(284,6),(284,4),(285,5),(285,4),(286,5),(286,4),(287,5),(287,4),(288,5),(288,4),(289,5),(289,4),(290,5),(290,4),(291,5),(291,4),(292,5),(292,4),(293,5),(293,4),(294,6),(294,4),(295,5),(295,4),(296,5),(296,4),(297,5),(297,4),(298,5),(298,4),(299,5),(299,4),(300,5),(300,4),(301,5),(301,7),(301,4),(302,9),(302,8),(302,4),(303,5),(303,4),(304,5),(304,10),(304,4),(305,5),(305,4),(306,7),(306,6),(306,4),(307,7),(307,4),(308,5),(308,4),(308,16),(309,5),(309,16),(310,6),(310,16),(311,5),(311,16),(312,6),(312,4),(312,16),(313,9),(313,16),(314,6),(314,16),(315,6),(315,16),(316,5),(316,4),(317,10),(317,16),(318,6),(318,4),(319,5),(319,16),(320,5),(320,16),(321,6),(321,16),(322,5),(322,4),(323,6),(323,16),(324,5),(324,16),(325,6),(325,4),(325,16);
/*!40000 ALTER TABLE `user_class_detail` ENABLE KEYS */;
UNLOCK TABLES;

--
-- Table structure for table `users`
--

DROP TABLE IF EXISTS `users`;
/*!40101 SET @saved_cs_client     = @@character_set_client */;
/*!50503 SET character_set_client = utf8mb4 */;
CREATE TABLE `users` (
  `id` bigint NOT NULL AUTO_INCREMENT,
  `activated` bit(1) NOT NULL,
  `avatar_url` varchar(255) DEFAULT NULL,
  `birthday` date DEFAULT NULL,
  `email` varchar(100) NOT NULL,
  `full_name` varchar(100) NOT NULL,
  `gender` bit(1) DEFAULT NULL,
  `password` varchar(100) NOT NULL,
  `level_id` bigint DEFAULT NULL,
  `role_id` bigint NOT NULL,
  `code` varchar(255) NOT NULL,
  `status` varchar(255) DEFAULT NULL,
  PRIMARY KEY (`id`),
  UNIQUE KEY `UK_6dotkott2kjsp8vw4d0m25fb7` (`email`),
  KEY `FKhjemv8nqu3o0rutwrhlgca5in` (`level_id`),
  KEY `FKp56c1712k691lhsyewcssf40f` (`role_id`),
  CONSTRAINT `FKhjemv8nqu3o0rutwrhlgca5in` FOREIGN KEY (`level_id`) REFERENCES `levels` (`id`),
  CONSTRAINT `FKp56c1712k691lhsyewcssf40f` FOREIGN KEY (`role_id`) REFERENCES `roles` (`id`)
) ENGINE=InnoDB AUTO_INCREMENT=18 DEFAULT CHARSET=utf8mb4 COLLATE=utf8mb4_0900_ai_ci;
/*!40101 SET character_set_client = @saved_cs_client */;

--
-- Dumping data for table `users`
--

LOCK TABLES `users` WRITE;
/*!40000 ALTER TABLE `users` DISABLE KEYS */;
INSERT INTO `users` VALUES (2,_binary '','https://vapa.vn/wp-content/uploads/2022/12/anh-avatar-cute-001.jpg','1998-05-14','tuan@gmail.com','Tran Manh Tuan',_binary '','$2a$10$JZHRcfts3vqwXl3b/.ctc.T1OffwgqZteBjSlkAeizcIBIzHRcmDq',2,4,'TuanTM25',NULL),(3,_binary '','https://vapa.vn/wp-content/uploads/2022/12/anh-avatar-cute-001.jpg','1987-12-25','admin@gmail.com','Pham Nhat Minh',_binary '','$2a$10$0a3XB92RIgLhwn1Y.ejTV.6Vh.e52YMGg6d8oe1e8j3xBuRzvNDUO',NULL,1,'MinhPN',NULL),(4,_binary '','https://vapa.vn/wp-content/uploads/2022/12/anh-avatar-cute-001.jpg','1989-06-17','khanh@gmail.com','Kieu Trong Khanh',_binary '','$2a$10$OewoNO4KejOB07FnQ2atbeOmlLcHEkny1Nn96A5uShAFkeJ3BhH82',NULL,3,'KhanhKT',NULL),(5,_binary '','https://vapa.vn/wp-content/uploads/2022/12/anh-avatar-cute-001.jpg','1996-04-11','dieu@gmail.com','Nguyen Thi My Dieu',_binary '\0','$2a$10$eYZwt/0P.FOIVKjkcAKSkecQhEyf4w2/WfQ/dr.jVrn3bGKsSuXnW',NULL,2,'DieuNTM',NULL),(6,_binary '','https://vapa.vn/wp-content/uploads/2022/12/anh-avatar-cute-001.jpg','1998-05-14','khai@gmail.com','Tran Hoang Khai',_binary '','$2a$10$JZHRcfts3vqwXl3b/.ctc.T1OffwgqZteBjSlkAeizcIBIzHRcmDq',NULL,2,'KhaiTH',NULL),(7,_binary '','https://vapa.vn/wp-content/uploads/2022/12/anh-avatar-cute-001.jpg','1998-05-14','minh@gmail.com','Duong Binh Minh',_binary '','$2a$10$JZHRcfts3vqwXl3b/.ctc.T1OffwgqZteBjSlkAeizcIBIzHRcmDq',NULL,2,'MinhDB2',NULL),(8,_binary '','https://vapa.vn/wp-content/uploads/2022/12/anh-avatar-cute-001.jpg','1998-05-14','duong@gmail.com','Nguyen Hai Duong',_binary '','$2a$10$JZHRcfts3vqwXl3b/.ctc.T1OffwgqZteBjSlkAeizcIBIzHRcmDq',NULL,2,'DuongNH1',NULL),(9,_binary '','https://vapa.vn/wp-content/uploads/2022/12/anh-avatar-cute-001.jpg','1998-05-14','quan@gmail.com','Mai Xuan Quan',_binary '','$2a$10$JZHRcfts3vqwXl3b/.ctc.T1OffwgqZteBjSlkAeizcIBIzHRcmDq',NULL,2,'QuanMX',NULL),(10,_binary '','https://vapa.vn/wp-content/uploads/2022/12/anh-avatar-cute-001.jpg','1998-05-14','huyen@gmail.com','Duong Thanh Huyen',_binary '\0','$2a$10$JZHRcfts3vqwXl3b/.ctc.T1OffwgqZteBjSlkAeizcIBIzHRcmDq',NULL,2,'HuyenDT',NULL),(11,_binary '','https://gitlab.com/hcm23_cpl_react_02/fresh-academy-class-management','2001-04-13','tri@gmail.com','Tran Huu Tri',_binary '','$2a$10$E8dGDNeTOgZ1EgTuwoO2FO1iY90LmM/FRwQMwneJknNhsz.No8AUO',1,4,'222','ACTIVE'),(12,_binary '','https://gitlab.com/hcm23_cpl_react_02/fresh-academy-class-management','2001-04-13','tri22@gmail.com','Tran Huu Tri',_binary '','$2a$10$MAceRUK3odR.KR3y0jyCv.tmA1o9qNtxa9lWsZwFSOHrmwGVcqVQi',1,4,'22','ACTIVE'),(13,_binary '','https://imagethithuy.jpg','2000-07-13','thithuy@gmail.com','Nguyen Thi Thuy',_binary '\0','$2a$10$fDtO9lbR7PY5zCk72.cGKuFzW2S69wAH3u6cCMI/uwnPzadSDaSyO',1,4,'thithuy','ACTIVE'),(14,_binary '','https://d3g05hxy37njpf.cloudfront.net/swagger-ui/index.html?fbclid=IwAR0evu-b6MmWp8O_boqy4PhqBEyg6sHfJWgdqVsq-WOB8JBvpFbCP7KunIg#/user/createUser','2002-11-14','da@gmail.com','Dieu Anh',_binary '\0','$2a$10$.RKITSfcIroJ07KNZ3HV2uyZJIvScB6yxrkvPDYo6u2NCyWJiWXe2',1,1,'1','ACTIVE'),(15,_binary '','https://d3g05hxy37njpf.cloudfront.net/swagger-ui/index.html?fbclid=IwAR0evu-b6MmWp8O_boqy4PhqBEyg6sHfJWgdqVsq-WOB8JBvpFbCP7KunIg#/user/createUser','2002-12-14','pate@gmail.com','Patee',_binary '\0','$2a$10$r3dgSF47PWGew.oXPriHZ.MXplxa4wAsZ8/osS.IVRmEw8UmtMQFq',1,2,'2','ACTIVE'),(16,_binary '','image.com','2002-02-20','tangnv@fpt.edu.vn','Nguyn Vn Tng',_binary '','$2a$10$mtm7Vuu0uAVQ0u0rz0t1cuJmIj1EuWrlV4.NWqtGFlVLdfgpLFRtG',4,3,'SE15000','IN_CLASS'),(17,_binary '','image.com','2002-02-20','anv11@fpt.edu.vn','Nguyn Vn A',_binary '','$2a$10$kOE8mkqGorj46L.4196Cwu98tE6x.PTKJpabg8vRq7H4BAxcjuigq',5,3,'SE16000','IN_CLASS');
/*!40000 ALTER TABLE `users` ENABLE KEYS */;
UNLOCK TABLES;
SET @@SESSION.SQL_LOG_BIN = @MYSQLDUMP_TEMP_LOG_BIN;
/*!40103 SET TIME_ZONE=@OLD_TIME_ZONE */;

/*!40101 SET SQL_MODE=@OLD_SQL_MODE */;
/*!40014 SET FOREIGN_KEY_CHECKS=@OLD_FOREIGN_KEY_CHECKS */;
/*!40014 SET UNIQUE_CHECKS=@OLD_UNIQUE_CHECKS */;
/*!40101 SET CHARACTER_SET_CLIENT=@OLD_CHARACTER_SET_CLIENT */;
/*!40101 SET CHARACTER_SET_RESULTS=@OLD_CHARACTER_SET_RESULTS */;
/*!40101 SET COLLATION_CONNECTION=@OLD_COLLATION_CONNECTION */;
/*!40111 SET SQL_NOTES=@OLD_SQL_NOTES */;

-- Dump completed on 2023-03-27 13:49:33
